1 -0.819718
1.0099 -0.763504
1.0198 -0.706671
1.0297 -0.649337
1.0396 -0.591624
1.0495 -0.533653
1.05941 -0.475546
1.06931 -0.417425
1.07921 -0.359412
1.08911 -0.301628
1.09901 -0.244196
1.10891 -0.187233
1.11881 -0.130861
1.12871 -0.0751946
1.13861 -0.0203507
1.14851 0.0335579
1.15842 0.0864202
1.16832 0.138128
1.17822 0.188576
1.18812 0.237662
1.19802 0.285287
1.20792 0.331357
1.21782 0.37578
1.22772 0.418469
1.23762 0.459341
1.24752 0.498319
1.25743 0.535328
1.26733 0.570301
1.27723 0.603173
1.28713 0.633887
1.29703 0.662389
1.30693 0.688632
1.31683 0.712575
1.32673 0.73418
1.33663 0.753418
1.34653 0.770265
1.35644 0.7847
1.36634 0.796713
1.37624 0.806296
1.38614 0.813449
1.39604 0.818177
1.40594 0.820491
1.41584 0.820408
1.42574 0.817953
1.43564 0.813153
1.44554 0.806043
1.45545 0.796665
1.46535 0.785065
1.47525 0.771293
1.48515 0.755406
1.49505 0.737468
1.50495 0.717544
1.51485 0.695708
1.52475 0.672036
1.53465 0.646608
1.54455 0.619512
1.55446 0.590835
1.56436 0.560673
1.57426 0.529121
1.58416 0.496281
1.59406 0.462257
1.60396 0.427155
1.61386 0.391084
1.62376 0.354156
1.63366 0.316485
1.64356 0.278186
1.65347 0.239376
1.66337 0.200175
1.67327 0.1607
1.68317 0.121072
1.69307 0.0814111
1.70297 0.0418377
1.71287 0.00247177
1.72277 -0.0365671
1.73267 -0.0751603
1.74257 -0.11319
1.75248 -0.150541
1.76238 -0.187097
1.77228 -0.222748
1.78218 -0.257382
1.79208 -0.290891
1.80198 -0.323172
1.81188 -0.354122
1.82178 -0.383642
1.83168 -0.411639
1.84158 -0.43802
1.85149 -0.462698
1.86139 -0.485591
1.87129 -0.506621
1.88119 -0.525713
1.89109 -0.542798
1.90099 -0.557813
1.91089 -0.570698
1.92079 -0.5814
1.93069 -0.589872
1.94059 -0.596069
1.9505 -0.599956
1.9604 -0.601501
1.9703 -0.600679
1.9802 -0.59747
1.9901 -0.59186
2 -0.583843
2.0099 -0.573417
2.0198 -0.560585
2.0297 -0.545359
2.0396 -0.527755
2.0495 -0.507795
2.05941 -0.485507
2.06931 -0.460925
2.07921 -0.434089
2.08911 -0.405045
2.09901 -0.373843
2.10891 -0.340539
2.11881 -0.305196
2.12871 -0.267879
2.13861 -0.22866
2.14851 -0.187616
2.15842 -0.144828
2.16832 -0.100381
2.17822 -0.054365
2.18812 -0.00687295
2.19802 0.0419975
2.20792 0.0921456
2.21782 0.143467
2.22772 0.195855
2.23762 0.2492
2.24752 0.303389
2.25743 0.358307
2.26733 0.413839
2.27723 0.469866
2.28713 0.526268
2.29703 0.582925
2.30693 0.639716
2.31683 0.696519
2.32673 0.753212
2.33663 0.809673
2.34653 0.865781
2.35644 0.921414
2.36634 0.976453
2.37624 1.03078
2.38614 1.08428
2.39604 1.13683
2.40594 1.18832
2.41584 1.23865
2.42574 1.2877
2.43564 1.33538
2.44554 1.38157
2.45545 1.42618
2.46535 1.46911
2.47525 1.51028
2.48515 1.5496
2.49505 1.58699
2.50495 1.62236
2.51485 1.65565
2.52475 1.68679
2.53465 1.71571
2.54455 1.74236
2.55446 1.76669
2.56436 1.78865
2.57426 1.8082
2.58416 1.8253
2.59406 1.83992
2.60396 1.85204
2.61386 1.86165
2.62376 1.86873
2.63366 1.87327
2.64356 1.87528
2.65347 1.87475
2.66337 1.87172
2.67327 1.86618
2.68317 1.85817
2.69307 1.84772
2.70297 1.83486
2.71287 1.81963
2.72277 1.80209
2.73267 1.78227
2.74257 1.76025
2.75248 1.73608
2.76238 1.70984
2.77228 1.68159
2.78218 1.65142
2.79208 1.6194
2.80198 1.58562
2.81188 1.55017
2.82178 1.51316
2.83168 1.47466
2.84158 1.4348
2.85149 1.39366
2.86139 1.35137
2.87129 1.30802
2.88119 1.26374
2.89109 1.21863
2.90099 1.17282
2.91089 1.12641
2.92079 1.07954
2.93069 1.03231
2.94059 0.984861
2.9505 0.937299
2.9604 0.88975
2.9703 0.842335
2.9802 0.795174
2.9901 0.748386
3 0.702089
3.0099 0.656401
3.0198 0.611436
3.0297 0.567308
3.0396 0.524128
3.0495 0.482003
3.05941 0.44104
3.06931 0.40134
3.07921 0.363002
3.08911 0.326123
3.09901 0.290794
3.10891 0.257102
3.11881 0.225132
3.12871 0.194961
3.13861 0.166665
3.14851 0.140312
3.15842 0.115968
3.16832 0.0936918
3.17822 0.0735372
3.18812 0.055553
3.19802 0.0397824
3.20792 0.0262628
3.21782 0.0150258
3.22772 0.00609744
3.23762 -0.00050238
3.24752 -0.0047596
3.25743 -0.00666613
3.26733 -0.00621988
3.27723 -0.00342475
3.28713 0.00170938
3.29703 0.00916666
3.30693 0.0189253
3.31683 0.0309578
3.32673 0.0452306
3.33663 0.0617045
3.34653 0.0803349
3.35644 0.101071
3.36634 0.123858
3.37624 0.148635
3.38614 0.175335
3.39604 0.203888
3.40594 0.234218
3.41584 0.266244
3.42574 0.299882
3.43564 0.335043
3.44554 0.371635
3.45545 0.40956
3.46535 0.44872
3.47525 0.489009
3.48515 0.530323
3.49505 0.572553
3.50495 0.615586
3.51485 0.65931
3.52475 0.703608
3.53465 0.748364
3.54455 0.793459
3.55446 0.838774
3.56436 0.884188
3.57426 0.929581
3.58416 0.974832
3.59406 1.01982
3.60396 1.06442
3.61386 1.10853
3.62376 1.15201
3.63366 1.19475
3.64356 1.23663
3.65347 1.27755
3.66337 1.31739
3.67327 1.35604
3.68317 1.3934
3.69307 1.42936
3.70297 1.46381
3.71287 1.49668
3.72277 1.52785
3.73267 1.55725
3.74257 1.58478
3.75248 1.61037
3.76238 1.63395
3.77228 1.65543
3.78218 1.67475
3.79208 1.69186
3.80198 1.7067
3.81188 1.71921
3.82178 1.72935
3.83168 1.73708
3.84158 1.74237
3.85149 1.74519
3.86139 1.74552
3.87129 1.74334
3.88119 1.73864
3.89109 1.73142
3.90099 1.72167
3.91089 1.70942
3.92079 1.69467
3.93069 1.67744
3.94059 1.65775
3.9505 1.63565
3.9604 1.61116
3.9703 1.58432
3.9802 1.5552
3.9901 1.52384
4 1.4903
4.0099 1.45465
4.0198 1.41695
4.0297 1.37728
4.0396 1.33572
4.0495 1.29235
4.05941 1.24727
4.06931 1.20055
4.07921 1.15231
4.08911 1.10264
4.09901 1.05163
4.10891 0.999406
4.11881 0.946065
4.12871 0.891723
4.13861 0.836491
4.14851 0.780487
4.15842 0.723827
4.16832 0.666632
4.17822 0.60902
4.18812 0.551114
4.19802 0.493035
4.20792 0.434906
4.21782 0.376847
4.22772 0.318982
4.23762 0.261431
4.24752 0.204314
4.25743 0.147752
4.26733 0.0918609
4.27723 0.0367576
4.28713 -0.0174441
4.29703 -0.0706327
4.30693 -0.122699
4.31683 -0.173537
4.32673 -0.223043
4.33663 -0.271118
4.34653 -0.317666
4.35644 -0.362594
4.36634 -0.405813
4.37624 -0.44724
4.38614 -0.486796
4.39604 -0.524405
4.40594 -0.559997
4.41584 -0.593508
4.42574 -0.624877
4.43564 -0.654049
4.44554 -0.680977
4.45545 -0.705616
4.46535 -0.727928
4.47525 -0.747881
4.48515 -0.765449
4.49505 -0.780612
4.50495 -0.793354
4.51485 -0.803669
4.52475 -0.811553
4.53465 -0.817009
4.54455 -0.820047
4.55446 -0.820684
4.56436 -0.818939
4.57426 -0.814841
4.58416 -0.808423
4.59406 -0.799723
4.60396 -0.788786
4.61386 -0.775661
4.62376 -0.760405
4.63366 -0.743077
4.64356 -0.723743
4.65347 -0.702475
4.66337 -0.679346
4.67327 -0.654438
4.68317 -0.627834
4.69307 -0.599623
4.70297 -0.569898
4.71287 -0.538754
4.72277 -0.506291
4.73267 -0.472612
4.74257 -0.437822
4.75248 -0.402031
4.76238 -0.365349
4.77228 -0.32789
4.78218 -0.289767
4.79208 -0.251099
4.80198 -0.212003
4.81188 -0.172598
4.82178 -0.133003
4.83168 -0.0933396
4.84158 -0.0537273
4.85149 -0.0142864
4.86139 0.0248634
4.87129 0.0636032
4.88119 0.101815
4.89109 0.139382
4.90099 0.176189
4.91089 0.212124
4.92079 0.247075
4.93069 0.280934
4.94059 0.313595
4.9505 0.344956
4.9604 0.374917
4.9703 0.403381
4.9802 0.430258
4.9901 0.455457
5 0.478896
5.0099 0.500494
5.0198 0.520177
5.0297 0.537873
5.0396 0.553517
5.0495 0.567049
5.05941 0.578413
5.06931 0.58756
5.07921 0.594446
5.08911 0.599032
5.09901 0.601284
5.10891 0.601176
5.11881 0.598687
5.12871 0.593801
5.13861 0.586509
5.14851 0.576807
5.15842 0.564698
5.16832 0.550191
5.17822 0.5333
5.18812 0.514046
5.19802 0.492455
5.20792 0.46856
5.21782 0.442398
5.22772 0.414013
5.23762 0.383454
5.24752 0.350776
5.25743 0.31604
5.26733 0.279309
5.27723 0.240655
5.28713 0.200152
5.29703 0.15788
5.30693 0.113923
5.31683 0.0683689
5.32673 0.0213108
5.33663 -0.0271554
5.34653 -0.0769299
5.35644 -0.12791
5.36634 -0.179988
5.37624 -0.233057
5.38614 -0.287003
5.39604 -0.341715
5.40594 -0.397074
5.41584 -0.452964
5.42574 -0.509266
5.43564 -0.56586
5.44554 -0.622624
5.45545 -0.679436
5.46535 -0.736175
5.47525 -0.792718
5.48515 -0.848945
5.49505 -0.904733
5.50495 -0.959963
5.51485 -1.01452
5.52475 -1.06828
5.53465 -1.12112
5.54455 -1.17295
5.55446 -1.22364
5.56436 -1.27309
5.57426 -1.32119
5.58416 -1.36783
5.59406 -1.41293
5.60396 -1.45638
5.61386 -1.49809
5.62376 -1.53797
5.63366 -1.57595
5.64356 -1.61193
5.65347 -1.64586
5.66337 -1.67765
5.67327 -1.70725
5.68317 -1.73459
5.69307 -1.75962
5.70297 -1.7823
5.71287 -1.80257
5.72277 -1.82041
5.73267 -1.83578
5.74257 -1.84866
5.75248 -1.85903
5.76238 -1.86686
5.77228 -1.87217
5.78218 -1.87494
5.79208 -1.87518
5.80198 -1.87289
5.81188 -1.86811
5.82178 -1.86084
5.83168 -1.85112
5.84158 -1.83898
5.85149 -1.82446
5.86139 -1.80761
5.87129 -1.78847
5.88119 -1.76711
5.89109 -1.74358
5.90099 -1.71795
5.91089 -1.6903
5.92079 -1.66069
5.93069 -1.62922
5.94059 -1.59596
5.9505 -1.56101
5.9604 -1.52445
5.9703 -1.48639
5.9802 -1.44693
5.9901 -1.40617
6 -1.36421
6.0099 -1.32117
6.0198 -1.27715
6.0297 -1.23228
6.0396 -1.18667
6.0495 -1.14043
6.05941 -1.09368
6.06931 -1.04655
6.07921 -0.999154
6.08911 -0.951613
6.09901 -0.904047
6.10891 -0.856579
6.11881 -0.809329
6.12871 -0.762416
6.13861 -0.715959
6.14851 -0.670076
6.15842 -0.624882
6.16832 -0.58049
6.17822 -0.537013
6.18812 -0.494559
6.19802 -0.453235
6.20792 -0.413145
6.21782 -0.374387
6.22772 -0.33706
6.23762 -0.301255
6.24752 -0.267062
6.25743 -0.234565
6.26733 -0.203844
6.27723 -0.174977
6.28713 -0.148032
6.29703 -0.123077
6.30693 -0.100173
6.31683 -0.0793747
6.32673 -0.0607327
6.33663 -0.044292
6.34653 -0.0300915
6.35644 -0.0181648
6.36634 -0.00853952
6.37624 -0.00123738
6.38614 0.00372575
6.39604 0.00634
6.40594 0.00660147
6.41584 0.00451225
6.42574 8.04339e-05
6.43564 -0.00667993
6.44554 -0.0157489
6.45545 -0.0271005
6.46535 -0.0407031
6.47525 -0.0565192
6.48515 -0.0745059
6.49505 -0.0946144
6.50495 -0.116791
6.51485 -0.140975
6.52475 -0.167104
6.53465 -0.195107
6.54455 -0.22491
6.55446 -0.256435
6.56436 -0.289597
6.57426 -0.32431
6.58416 -0.360481
6.59406 -0.398016
6.60396 -0.436815
6.61386 -0.476775
6.62376 -0.517793
6.63366 -0.559758
6.64356 -0.602561
6.65347 -0.646089
6.66337 -0.690227
6.67327 -0.734858
6.68317 -0.779864
6.69307 -0.825125
6.70297 -0.870522
6.71287 -0.915934
6.72277 -0.96124
6.73267 -1.00632
6.74257 -1.05105
6.75248 -1.09532
6.76238 -1.139
6.77228 -1.18197
6.78218 -1.22413
6.79208 -1.26535
6.80198 -1.30553
6.81188 -1.34455
6.82178 -1.3823
6.83168 -1.41869
6.84158 -1.45361
6.85149 -1.48696
6.86139 -1.51866
6.87129 -1.5486
6.88119 -1.5767
6.89109 -1.60288
6.90099 -1.62707
6.91089 -1.64919
6.92079 -1.66917
6.93069 -1.68695
6.94059 -1.70247
6.9505 -1.71569
6.9604 -1.72655
6.9703 -1.73501
6.9802 -1.74104
6.9901 -1.7446
7 -1.74568
7.0099 -1.74426
7.0198 -1.74032
7.0297 -1.73385
7.0396 -1.72487
7.0495 -1.71337
7.05941 -1.69937
7.06931 -1.68288
7.07921 -1.66393
7.08911 -1.64255
7.09901 -1.61877
7.10891 -1.59264
7.11881 -1.5642
7.12871 -1.53351
7.13861 -1.50062
7.14851 -1.46559
7.15842 -1.4285
7.16832 -1.38941
7.17822 -1.34842
7.18812 -1.30558
7.19802 -1.26101
7.20792 -1.21477
7.21782 -1.16698
7.22772 -1.11773
7.23762 -1.06711
7.24752 -1.01524
7.25743 -0.962224
7.26733 -0.908171
7.27723 -0.853195
7.28713 -0.797411
7.29703 -0.740936
7.30693 -0.683889
7.31683 -0.62639
7.32673 -0.56856
7.33663 -0.51052
7.34653 -0.452392
7.35644 -0.3943
7.36634 -0.336363
7.37624 -0.278705
7.38614 -0.221445
7.39604 -0.164704
7.40594 -0.108599
7.41584 -0.0532462
7.42574 0.0012386
7.43564 0.0547436
7.44554 0.107159
7.45545 0.158377
7.46535 0.208295
7.47525 0.256811
7.48515 0.303828
7.49505 0.349252
7.50495 0.392995
7.51485 0.43497
7.52475 0.475097
7.53465 0.513299
7.54455 0.549505
7.55446 0.583648
7.56436 0.615668
7.57426 0.645507
7.58416 0.673114
7.59406 0.698446
7.60396 0.721462
7.61386 0.742128
7.62376 0.760416
7.63366 0.776304
7.64356 0.789776
7.65347 0.800821
7.66337 0.809436
7.67327 0.815622
7.68317 0.819387
7.69307 0.820744
7.70297 0.819713
7.71287 0.81632
7.72277 0.810596
7.73267 0.802578
7.74257 0.792309
7.75248 0.779836
7.76238 0.765215
7.77228 0.748504
7.78218 0.729767
7.79208 0.709072
7.80198 0.686495
7.81188 0.662114
7.82178 0.636011
7.83168 0.608274
7.84158 0.578995
7.85149 0.548267
7.86139 0.51619
7.87129 0.482866
7.88119 0.448399
7.89109 0.412898
7.90099 0.376472
7.91089 0.339235
7.92079 0.3013
7.93069 0.262783
7.94059 0.223803
7.9505 0.184478
7.9604 0.144928
7.9703 0.105273
7.9802 0.0656324
7.9901 0.0261273
8 -0.0131226
8.0099 -0.0519982
8.0198 -0.0903811
8.0297 -0.128154
8.0396 -0.165202
8.0495 -0.201411
8.05941 -0.23667
8.06931 -0.270869
8.07921 -0.303901
8.08911 -0.335664
8.09901 -0.366056
8.10891 -0.394981
8.11881 -0.422344
8.12871 -0.448057
8.13861 -0.472035
8.14851 -0.494195
8.15842 -0.514461
8.16832 -0.532762
8.17822 -0.54903
8.18812 -0.563203
8.19802 -0.575225
8.20792 -0.585044
8.21782 -0.592615
8.22772 -0.597896
8.23762 -0.600853
8.24752 -0.601458
8.25743 -0.599687
8.26733 -0.595524
8.27723 -0.588956
8.28713 -0.579979
8.29703 -0.568594
8.30693 -0.554807
8.31683 -0.538632
8.32673 -0.520086
8.33663 -0.499195
8.34653 -0.475989
8.35644 -0.450504
8.36634 -0.422783
8.37624 -0.392873
8.38614 -0.360827
8.39604 -0.326703
8.40594 -0.290565
8.41584 -0.252482
8.42574 -0.212527
8.43564 -0.170779
8.44554 -0.12732
8.45545 -0.0822366
8.46535 -0.0356211
8.47525 0.0124318
8.48515 0.0618233
8.49505 0.112451
8.50495 0.164211
8.51485 0.216993
8.52475 0.270687
8.53465 0.325181
8.54455 0.380357
8.55446 0.436101
8.56436 0.492291
8.57426 0.54881
8.58416 0.605535
8.59406 0.662346
8.60396 0.719119
8.61386 0.775734
8.62376 0.832069
8.63366 0.888002
8.64356 0.943413
8.65347 0.998182
8.66337 1.05219
8.67327 1.10533
8.68317 1.15747
8.69307 1.20852
8.70297 1.25835
8.71287 1.30686
8.72277 1.35396
8.73267 1.39953
8.74257 1.44348
8.75248 1.48573
8.76238 1.52617
8.77228 1.56473
8.78218 1.60132
8.79208 1.63587
8.80198 1.66831
8.81188 1.69858
8.82178 1.7266
8.83168 1.75234
8.84158 1.77573
8.85149 1.79673
8.86139 1.8153
8.87129 1.83142
8.88119 1.84505
8.89109 1.85617
8.90099 1.86477
8.91089 1.87084
8.92079 1.87437
8.93069 1.87537
8.94059 1.87384
8.9505 1.86981
8.9604 1.86329
8.9703 1.8543
8.9802 1.84288
8.9901 1.82908
9 1.81292
9.0099 1.79446
9.0198 1.77376
9.0297 1.75088
9.0396 1.72588
9.0495 1.69883
9.05941 1.6698
9.06931 1.63888
9.07921 1.60615
9.08911 1.5717
9.09901 1.53561
9.10891 1.498
9.11881 1.45894
9.12871 1.41856
9.13861 1.37695
9.14851 1.33422
9.15842 1.29049
9.16832 1.24586
9.17822 1.20046
9.18812 1.1544
9.19802 1.10779
9.20792 1.06076
9.21782 1.01343
9.22772 0.965924
9.23762 0.918353
9.24752 0.870843
9.25743 0.823514
9.26733 0.776487
9.27723 0.729881
9.28713 0.683813
9.29703 0.638399
9.30693 0.593754
9.31683 0.549991
9.32673 0.507218
9.33663 0.465543
9.34653 0.425071
9.35644 0.385902
9.36634 0.348134
9.37624 0.311861
9.38614 0.277174
9.39604 0.244158
9.40594 0.212895
9.41584 0.183463
9.42574 0.155932
9.43564 0.130372
9.44554 0.106845
9.45545 0.0854074
9.46535 0.0661118
9.47525 0.0490044
9.48515 0.0341261
9.49505 0.0215122
9.50495 0.0111919
9.51485 0.0031889
9.52475 -0.00247926
9.53465 -0.00580087
9.54455 -0.00677024
9.55446 -0.00538767
9.56436 -0.00165943
9.57426 0.0044022
9.58416 0.012779
9.59406 0.0234469
9.60396 0.036376
9.61386 0.0515305
9.62376 0.068869
9.63366 0.0883445
9.64356 0.109905
9.65347 0.133492
9.66337 0.159043
9.67327 0.186489
9.68317 0.215759
9.69307 0.246774
9.70297 0.279453
9.71287 0.313709
9.72277 0.349451
9.73267 0.386586
9.74257 0.425015
9.75248 0.464637
9.76238 0.505347
9.77228 0.547039
9.78218 0.589602
9.79208 0.632924
9.80198 0.676891
9.81188 0.721385
9.82178 0.766291
9.83168 0.811488
9.84158 0.856857
9.85149 0.902277
9.86139 0.947628
9.87129 0.992788
9.88119 1.03764
9.89109 1.08206
9.90099 1.12592
9.91089 1.16912
9.92079 1.21154
9.93069 1.25305
9.94059 1.29356
9.9505 1.33293
9.9604 1.37108
9.9703 1.40789
9.9802 1.44327
9.9901 1.4771
10 1.5093
10.0099 1.53978
10.0198 1.56844
10.0297 1.59521
10.0396 1.62001
10.0495 1.64276
10.0594 1.66339
10.0693 1.68184
10.0792 1.69804
10.0891 1.71196
10.099 1.72353
10.1089 1.73272
10.1188 1.73948
10.1287 1.74379
10.1386 1.74562
10.1485 1.74495
10.1584 1.74177
10.1683 1.73606
10.1782 1.72784
10.1881 1.71709
10.198 1.70384
10.2079 1.6881
10.2178 1.66989
10.2277 1.64924
10.2376 1.62617
10.2475 1.60075
10.2574 1.573
10.2673 1.54298
10.2772 1.51074
10.2871 1.47635
10.297 1.43987
10.3069 1.40138
10.3168 1.36095
10.3267 1.31866
10.3366 1.2746
10.3465 1.22885
10.3564 1.18152
10.3663 1.13269
10.3762 1.08248
10.3861 1.03097
10.396 0.978289
10.4059 0.924535
10.4158 0.869825
10.4257 0.814272
10.4356 0.757992
10.4455 0.701105
10.4554 0.643729
10.4653 0.585986
10.4752 0.527996
10.4851 0.469882
10.495 0.411766
10.505 0.35377
10.5149 0.296016
10.5248 0.238623
10.5347 0.181713
10.5446 0.125404
10.5545 0.0698134
10.5644 0.0150556
10.5743 -0.0387558
10.5842 -0.0915104
10.5941 -0.1431
10.604 -0.19342
10.6139 -0.242368
10.6238 -0.289846
10.6337 -0.335759
10.6436 -0.380017
10.6535 -0.422532
10.6634 -0.463223
10.6733 -0.502012
10.6832 -0.538826
10.6931 -0.573597
10.703 -0.606261
10.7129 -0.636762
10.7228 -0.665046
10.7327 -0.691067
10.7426 -0.714783
10.7525 -0.736159
10.7624 -0.755165
10.7723 -0.771777
10.7822 -0.785978
10.7921 -0.797754
10.802 -0.8071
10.8119 -0.814016
10.8218 -0.818508
10.8317 -0.820588
10.8416 -0.820273
10.8515 -0.817587
10.8614 -0.812561
10.8713 -0.805229
10.8812 -0.795632
10.8911 -0.783817
10.901 -0.769837
10.9109 -0.753748
10.9208 -0.735613
10.9307 -0.7155
10.9406 -0.693481
10.9505 -0.669634
10.9604 -0.64404
10.9703 -0.616786
10.9802 -0.58796
10.9901 -0.557658
11 -0.525977
11.0099 -0.493017
11.0198 -0.458883
11.0297 -0.423681
11.0396 -0.387522
11.0495 -0.350516
11.0594 -0.312779
11.0693 -0.274425
11.0792 -0.235572
11.0891 -0.196339
11.099 -0.156844
11.1089 -0.117207
11.1188 -0.0775498
11.1287 -0.0379914
11.1386 0.00134793
11.1485 0.0403486
11.1584 0.0788921
11.1683 0.116861
11.1782 0.154139
11.1881 0.190612
11.198 0.226168
11.2079 0.260697
11.2178 0.294092
11.2277 0.326247
11.2376 0.357062
11.2475 0.386438
11.2574 0.414281
11.2673 0.4405
11.2772 0.465008
11.2871 0.487723
11.297 0.508567
11.3069 0.527467
11.3168 0.544353
11.3267 0.559163
11.3366 0.571838
11.3465 0.582325
11.3564 0.590576
11.3663 0.59655
11.3762 0.60021
11.3861 0.601525
11.396 0.600471
11.4059 0.597029
11.4158 0.591185
11.4257 0.582933
11.4356 0.572272
11.4455 0.559207
11.4554 0.543748
11.4653 0.525913
11.4752 0.505725
11.4851 0.483212
11.495 0.458409
11.505 0.431356
11.5149 0.402099
11.5248 0.37069
11.5347 0.337184
11.5446 0.301646
11.5545 0.26414
11.5644 0.22474
11.5743 0.183523
11.5842 0.140569
11.5941 0.0959656
11.604 0.0498014
11.6139 0.0021707
11.6238 -0.0468287
11.6337 -0.0970957
11.6436 -0.148526
11.6535 -0.201012
11.6634 -0.254444
11.6733 -0.308709
11.6832 -0.363692
11.6931 -0.419277
11.703 -0.475346
11.7129 -0.531779
11.7228 -0.588454
11.7327 -0.645252
11.7426 -0.70205
11.7525 -0.758725
11.7624 -0.815157
11.7723 -0.871223
11.7822 -0.926804
11.7921 -0.981779
11.802 -1.03603
11.8119 -1.08944
11.8218 -1.14189
11.8317 -1.19328
11.8416 -1.24349
11.8515 -1.29241
11.8614 -1.33994
11.8713 -1.38598
11.8812 -1.43043
11.8911 -1.4732
11.901 -1.51419
11.9109 -1.55333
11.9208 -1.59052
11.9307 -1.6257
11.9406 -1.65878
11.9505 -1.6897
11.9604 -1.71841
11.9703 -1.74484
11.9802 -1.76894
11.9901 -1.79066
12 -1.80997
12.0099 -1.82683
12.0198 -1.84121
12.0297 -1.85309
12.0396 -1.86245
12.0495 -1.86928
12.0594 -1.87358
12.0693 -1.87534
12.0792 -1.87457
12.0891 -1.87129
12.099 -1.86551
12.1089 -1.85726
12.1188 -1.84657
12.1287 -1.83348
12.1386 -1.81802
12.1485 -1.80025
12.1584 -1.78022
12.1683 -1.75799
12.1782 -1.73362
12.1881 -1.70718
12.198 -1.67874
12.2079 -1.64838
12.2178 -1.61618
12.2277 -1.58224
12.2376 -1.54663
12.2475 -1.50947
12.2574 -1.47084
12.2673 -1.43084
12.2772 -1.38959
12.2871 -1.34719
12.297 -1.30375
12.3069 -1.25938
12.3168 -1.2142
12.3267 -1.16832
12.3366 -1.12186
12.3465 -1.07495
12.3564 -1.0277
12.3663 -0.98023
12.3762 -0.932664
12.3861 -0.885123
12.396 -0.837727
12.4059 -0.790597
12.4158 -0.743852
12.4257 -0.697609
12.4356 -0.651987
12.4455 -0.607099
12.4554 -0.563058
12.4653 -0.519976
12.4752 -0.477959
12.4851 -0.437115
12.495 -0.397543
12.505 -0.359344
12.5149 -0.322612
12.5248 -0.287438
12.5347 -0.253911
12.5446 -0.222112
12.5545 -0.192121
12.5644 -0.164011
12.5743 -0.137851
12.5842 -0.113706
12.5941 -0.0916341
12.604 -0.0716889
12.6139 -0.0539186
12.6238 -0.0383657
12.6337 -0.0250672
12.6436 -0.0140541
12.6535 -0.0053518
12.6634 0.00102032
12.6733 0.00504878
12.6832 0.00672609
12.6931 0.00605073
12.703 0.00302719
12.7129 -0.00233407
12.7228 -0.0100166
12.7327 -0.0199981
12.7426 -0.0322504
12.7525 -0.0467394
12.7624 -0.0634255
12.7723 -0.0822634
12.7822 -0.103202
12.7921 -0.126186
12.802 -0.151153
12.8119 -0.178037
12.8218 -0.206766
12.8317 -0.237264
12.8416 -0.269452
12.8515 -0.303242
12.8614 -0.338547
12.8713 -0.375273
12.8812 -0.413323
12.8911 -0.452597
12.901 -0.492991
12.9109 -0.534399
12.9208 -0.576712
12.9307 -0.619817
12.9406 -0.663602
12.9505 -0.70795
12.9604 -0.752745
12.9703 -0.797866
12.9802 -0.843196
12.9901 -0.888614
13 -0.933998
13.0099 -0.979228
13.0198 -1.02418
13.0297 -1.06874
13.0396 -1.11279
13.0495 -1.1562
13.0594 -1.19887
13.0693 -1.24066
13.0792 -1.28148
13.0891 -1.32121
13.099 -1.35974
13.1089 -1.39697
13.1188 -1.43278
13.1287 -1.46709
13.1386 -1.49979
13.1485 -1.53079
13.1584 -1.56001
13.1683 -1.58736
13.1782 -1.61276
13.1881 -1.63613
13.198 -1.65741
13.2079 -1.67652
13.2178 -1.69341
13.2277 -1.70802
13.2376 -1.7203
13.2475 -1.73021
13.2574 -1.7377
13.2673 -1.74275
13.2772 -1.74533
13.2871 -1.74541
13.297 -1.74299
13.3069 -1.73804
13.3168 -1.73058
13.3267 -1.72059
13.3366 -1.70809
13.3465 -1.6931
13.3564 -1.67563
13.3663 -1.6557
13.3762 -1.63336
13.3861 -1.60864
13.396 -1.58159
13.4059 -1.55224
13.4158 -1.52067
13.4257 -1.48692
13.4356 -1.45106
13.4455 -1.41317
13.4554 -1.37331
13.4653 -1.33157
13.4752 -1.28803
13.4851 -1.24279
13.495 -1.19592
13.505 -1.14753
13.5149 -1.09772
13.5248 -1.0466
13.5347 -0.994256
13.5446 -0.940813
13.5545 -0.886379
13.5644 -0.831067
13.5743 -0.774994
13.5842 -0.718277
13.5941 -0.661035
13.604 -0.60339
13.6139 -0.545462
13.6238 -0.487372
13.6337 -0.429244
13.6436 -0.371199
13.6535 -0.313359
13.6634 -0.255845
13.6733 -0.198777
13.6832 -0.142275
13.6931 -0.086456
13.703 -0.0314355
13.7129 0.0226724
13.7228 0.0757564
13.7327 0.127708
13.7426 0.17842
13.7525 0.227792
13.7624 0.275722
13.7723 0.322116
13.7822 0.366881
13.7921 0.409929
13.802 0.451178
13.8119 0.490547
13.8218 0.527962
13.8317 0.563354
13.8416 0.596659
13.8515 0.627816
13.8614 0.656772
13.8713 0.683479
13.8812 0.707892
13.8911 0.729976
13.901 0.749698
13.9109 0.767032
13.9208 0.78196
13.9307 0.794466
13.9406 0.804544
13.9505 0.812191
13.9604 0.817411
13.9703 0.820215
13.9802 0.820618
13.9901 0.818643
14 0.814317
14.0099 0.807675
14.0198 0.798755
14.0297 0.787602
14.0396 0.774267
14.0495 0.758806
14.0594 0.74128
14.0693 0.721755
14.0792 0.700302
14.0891 0.676996
14.099 0.651919
14.1089 0.625155
14.1188 0.596792
14.1287 0.566924
14.1386 0.535647
14.1485 0.503061
14.1584 0.469269
14.1683 0.434378
14.1782 0.398495
14.1881 0.361732
14.198 0.324203
14.2079 0.286022
14.2178 0.247307
14.2277 0.208176
14.2376 0.168747
14.2475 0.12914
14.2574 0.0894762
14.2673 0.0498753
14.2772 0.0104574
14.2871 -0.0286576
14.297 -0.0673511
14.3069 -0.105505
14.3168 -0.143003
14.3267 -0.17973
14.3366 -0.215574
14.3465 -0.250424
14.3564 -0.284171
14.3663 -0.31671
14.3762 -0.347938
14.3861 -0.377757
14.396 -0.406071
14.4059 -0.432788
14.4158 -0.45782
14.4257 -0.481083
14.4356 -0.502497
14.4455 -0.521989
14.4554 -0.539488
14.4653 -0.554929
14.4752 -0.568252
14.4851 -0.579403
14.495 -0.588331
14.505 -0.594994
14.5149 -0.599354
14.5248 -0.601378
14.5347 -0.601039
14.5446 -0.598317
14.5545 -0.593196
14.5644 -0.58567
14.5743 -0.575733
14.5842 -0.56339
14.5941 -0.54865
14.604 -0.531528
14.6139 -0.512045
14.6238 -0.490228
14.6337 -0.46611
14.6436 -0.439729
14.6535 -0.41113
14.6634 -0.380363
14.6733 -0.347482
14.6832 -0.312548
14.6931 -0.275627
14.703 -0.236789
14.7129 -0.19611
14.7228 -0.15367
14.7327 -0.109553
14.7426 -0.0638488
14.7525 -0.0166492
14.7624 0.0319489
14.7723 0.0818453
14.7822 0.132937
14.7921 0.185117
14.802 0.238276
14.8119 0.292302
14.8218 0.347081
14.8317 0.402498
14.8416 0.458434
14.8515 0.514769
14.8614 0.571385
14.8713 0.628158
14.8812 0.684969
14.8911 0.741694
14.901 0.798212
14.9109 0.854401
14.9208 0.91014
14.9307 0.96531
14.9406 1.01979
14.9505 1.07347
14.9604 1.12622
14.9703 1.17794
14.9802 1.22851
14.9901 1.27783
15 1.3258
15.0099 1.37229
15.0198 1.41723
15.0297 1.46052
15.0396 1.50205
15.0495 1.54176
15.0594 1.57954
15.0693 1.61533
15.0792 1.64905
15.0891 1.68063
15.099 1.71001
15.1089 1.73713
15.1188 1.76193
15.1287 1.78438
15.1386 1.80442
15.1485 1.82202
15.1584 1.83715
15.1683 1.84978
15.1782 1.8599
15.1881 1.86749
15.198 1.87255
15.2079 1.87507
15.2178 1.87506
15.2277 1.87254
15.2376 1.86751
15.2475 1.86
15.2574 1.85004
15.2673 1.83767
15.2772 1.82292
15.2871 1.80584
15.297 1.78648
15.3069 1.76491
15.3168 1.74117
15.3267 1.71534
15.3366 1.6875
15.3465 1.65771
15.3564 1.62606
15.3663 1.59263
15.3762 1.55751
15.3861 1.52081
15.396 1.48261
15.4059 1.44301
15.4158 1.40213
15.4257 1.36006
15.4356 1.31692
15.4455 1.27282
15.4554 1.22787
15.4653 1.18219
15.4752 1.13589
15.4851 1.08911
15.495 1.04194
15.505 0.994527
15.5149 0.946978
15.5248 0.899416
15.5347 0.851964
15.5446 0.804741
15.5545 0.757868
15.5644 0.711462
15.5743 0.665641
15.5842 0.62052
15.5941 0.576212
15.604 0.53283
15.6139 0.490482
15.6238 0.449274
15.6337 0.409309
15.6436 0.370686
15.6535 0.333503
15.6634 0.297851
15.6733 0.26382
15.6832 0.231492
15.6931 0.200949
15.703 0.172266
15.7129 0.145513
15.7228 0.120755
15.7327 0.0980533
15.7426 0.0774629
15.7525 0.0590335
15.7624 0.0428094
15.7723 0.0288291
15.7822 0.0171255
15.7921 0.00772566
15.802 0.000650799
15.8119 -0.00408383
15.8218 -0.00646893
15.8317 -0.0065012
15.8416 -0.0041833
15.8515 0.000476098
15.8614 0.00746235
15.8713 0.0167549
15.8812 0.0283273
15.8911 0.0421473
15.901 0.0581769
15.9109 0.0763725
15.9208 0.0966849
15.9307 0.11906
15.9406 0.143437
15.9505 0.169751
15.9604 0.197933
15.9703 0.227907
15.9802 0.259595
15.9901 0.292913
16 0.327771
16.0099 0.36408
16.0198 0.401742
16.0297 0.440658
16.0396 0.480727
16.0495 0.521841
16.0594 0.563893
16.0693 0.606772
16.0792 0.650365
16.0891 0.694556
16.099 0.739228
16.1089 0.784264
16.1188 0.829544
16.1287 0.874947
16.1386 0.920354
16.1485 0.965644
16.1584 1.01069
16.1683 1.05539
16.1782 1.0996
16.1881 1.14322
16.198 1.18612
16.2079 1.22819
16.2178 1.26931
16.2277 1.30938
16.2376 1.34828
16.2475 1.38591
16.2574 1.42216
16.2673 1.45693
16.2772 1.49013
16.2871 1.52165
16.297 1.55142
16.3069 1.57934
16.3168 1.60533
16.3267 1.62932
16.3366 1.65123
16.3465 1.671
16.3564 1.68856
16.3663 1.70386
16.3762 1.71685
16.3861 1.72748
16.396 1.7357
16.4059 1.74149
16.4158 1.74482
16.4257 1.74565
16.4356 1.74398
16.4455 1.7398
16.4554 1.73309
16.4653 1.72386
16.4752 1.71212
16.4851 1.69787
16.495 1.68114
16.505 1.66195
16.5149 1.64034
16.5248 1.61633
16.5347 1.58997
16.5446 1.56131
16.5545 1.5304
16.5644 1.4973
16.5743 1.46207
16.5842 1.42478
16.5941 1.3855
16.604 1.34432
16.6139 1.30132
16.6238 1.25657
16.6337 1.21018
16.6436 1.16224
16.6535 1.11285
16.6634 1.06211
16.6733 1.01012
16.6832 0.957001
16.6931 0.902853
16.703 0.847793
16.7129 0.791937
16.7228 0.735401
16.7327 0.678305
16.7426 0.620768
16.7525 0.562912
16.7624 0.504859
16.7723 0.446729
16.7822 0.388646
16.7921 0.330732
16.802 0.273107
16.8119 0.215893
16.8218 0.159208
16.8317 0.103171
16.8416 0.047898
16.8515 -0.00649624
16.8614 -0.0598999
16.8713 -0.112203
16.8812 -0.1633
16.8911 -0.213085
16.901 -0.261459
16.9109 -0.308325
16.9208 -0.353589
16.9307 -0.397163
16.9406 -0.438962
16.9505 -0.478904
16.9604 -0.516915
16.9703 -0.552923
16.9802 -0.586862
16.9901 -0.618671
17 -0.648295
17.0099 -0.675683
17.0198 -0.700791
17.0297 -0.723579
17.0396 -0.744014
17.0495 -0.762069
17.0594 -0.777723
17.0693 -0.790959
17.0792 -0.801768
17.0891 -0.810146
17.099 -0.816095
17.1089 -0.819625
17.1188 -0.820748
17.1287 -0.819486
17.1386 -0.815864
17.1485 -0.809915
17.1584 -0.801675
17.1683 -0.791189
17.1782 -0.778506
17.1881 -0.763678
17.198 -0.746766
17.2079 -0.727835
17.2178 -0.706954
17.2277 -0.684198
17.2376 -0.659645
17.2475 -0.633379
17.2574 -0.605488
17.2673 -0.576063
17.2772 -0.5452
17.2871 -0.512997
17.297 -0.479557
17.3069 -0.444984
17.3168 -0.409388
17.3267 -0.372878
17.3366 -0.335568
17.3465 -0.297571
17.3564 -0.259004
17.3663 -0.219985
17.3762 -0.180633
17.3861 -0.141068
17.396 -0.101408
17.4059 -0.0617757
17.4158 -0.0222902
17.4257 0.0169285
17.4356 0.0557612
17.4455 0.0940898
17.4554 0.131797
17.4653 0.168769
17.4752 0.20489
17.4851 0.24005
17.495 0.27414
17.505 0.307053
17.5149 0.338687
17.5248 0.36894
17.5347 0.397717
17.5446 0.424923
17.5545 0.450471
17.5644 0.474275
17.5743 0.496254
17.5842 0.516331
17.5941 0.534437
17.604 0.550504
17.6139 0.56447
17.6238 0.576279
17.6337 0.585881
17.6436 0.59323
17.6535 0.598287
17.6634 0.601016
17.6733 0.601391
17.6832 0.599387
17.6931 0.59499
17.703 0.588188
17.7129 0.578976
17.7228 0.567356
17.7327 0.553336
17.7426 0.536929
17.7525 0.518153
17.7624 0.497035
17.7723 0.473606
17.7822 0.447901
17.7921 0.419965
17.802 0.389844
17.8119 0.357593
17.8218 0.32327
17.8317 0.28694
17.8416 0.248671
17.8515 0.208538
17.8614 0.166619
17.8713 0.122997
17.8812 0.0777609
17.8911 0.0310012
17.901 -0.0171865
17.9109 -0.0667031
17.9208 -0.117446
17.9307 -0.16931
17.9406 -0.222186
17.9505 -0.275963
17.9604 -0.330528
17.9703 -0.385765
17.9802 -0.441557
17.9901 -0.497785
18 -0.554329
18.0099 -0.611068
18.0198 -0.66788
18.0297 -0.724644
18.0396 -0.781237
18.0495 -0.837538
18.0594 -0.893425
18.0693 -0.948779
18.0792 -1.00348
18.0891 -1.05741
18.099 -1.11045
18.1089 -1.1625
18.1188 -1.21343
18.1287 -1.26313
18.1386 -1.31152
18.1485 -1.35846
18.1584 -1.40388
18.1683 -1.44767
18.1782 -1.48975
18.1881 -1.53001
18.198 -1.56838
18.2079 -1.60478
18.2178 -1.63913
18.2277 -1.67136
18.2376 -1.70141
18.2475 -1.72921
18.2574 -1.75472
18.2673 -1.77788
18.2772 -1.79864
18.2871 -1.81698
18.297 -1.83286
18.3069 -1.84624
18.3168 -1.85712
18.3267 -1.86547
18.3366 -1.8713
18.3465 -1.87458
18.3564 -1.87533
18.3663 -1.87356
18.3762 -1.86928
18.3861 -1.86252
18.396 -1.85329
18.4059 -1.84164
18.4158 -1.8276
18.4257 -1.81122
18.4356 -1.79254
18.4455 -1.77163
18.4554 -1.74854
18.4653 -1.72333
18.4752 -1.69608
18.4851 -1.66687
18.495 -1.63577
18.505 -1.60287
18.5149 -1.56825
18.5248 -1.53201
18.5347 -1.49425
18.5446 -1.45507
18.5545 -1.41456
18.5644 -1.37283
18.5743 -1.33
18.5842 -1.28618
18.5941 -1.24147
18.604 -1.196
18.6139 -1.14988
18.6238 -1.10323
18.6337 -1.05616
18.6436 -1.00881
18.6535 -0.96129
18.6634 -0.91372
18.6733 -0.866222
18.6832 -0.818918
18.6931 -0.771926
18.703 -0.725367
18.7129 -0.679358
18.7228 -0.634014
18.7327 -0.58945
18.7426 -0.545778
18.7525 -0.503108
18.7624 -0.461545
18.7723 -0.421196
18.7822 -0.382159
18.7921 -0.344533
18.802 -0.308411
18.8119 -0.273883
18.8218 -0.241034
18.8317 -0.209946
18.8416 -0.180696
18.8515 -0.153355
18.8614 -0.12799
18.8713 -0.104664
18.8812 -0.0834326
18.8911 -0.0643481
18.901 -0.0474562
18.9109 -0.0327971
18.9208 -0.0204054
18.9307 -0.01031
18.9406 -0.00253378
18.9505 0.00290617
18.9604 0.00599877
18.9703 0.0067389
18.9802 0.00512742
18.9901 0.00117122
19 -0.00511687
19.0099 -0.0137181
19.0198 -0.0246077
19.0297 -0.0377552
19.0396 -0.0531244
19.0495 -0.0706732
19.0594 -0.0903543
19.0693 -0.112115
19.0792 -0.135896
19.0891 -0.161634
19.099 -0.189262
19.1089 -0.218705
19.1188 -0.249886
19.1287 -0.282723
19.1386 -0.317127
19.1485 -0.353009
19.1584 -0.390274
19.1683 -0.428824
19.1782 -0.468557
19.1881 -0.509368
19.198 -0.551149
19.2079 -0.593791
19.2178 -0.637181
19.2277 -0.681204
19.2376 -0.725744
19.2475 -0.770683
19.2574 -0.815902
19.2673 -0.861281
19.2772 -0.9067
19.2871 -0.952038
19.297 -0.997173
19.3069 -1.04199
19.3168 -1.08636
19.3267 -1.13016
19.3366 -1.17329
19.3465 -1.21562
19.3564 -1.25705
19.3663 -1.29744
19.3762 -1.33671
19.3861 -1.37473
19.396 -1.4114
19.4059 -1.44663
19.4158 -1.48031
19.4257 -1.51235
19.4356 -1.54265
19.4455 -1.57114
19.4554 -1.59772
19.4653 -1.62232
19.4752 -1.64486
19.4851 -1.66528
19.495 -1.68351
19.505 -1.6995
19.5149 -1.71319
19.5248 -1.72453
19.5347 -1.73348
19.5446 -1.74001
19.5545 -1.74408
19.5644 -1.74566
19.5743 -1.74475
19.5842 -1.74132
19.5941 -1.73537
19.604 -1.7269
19.6139 -1.71591
19.6238 -1.70242
19.6337 -1.68643
19.6436 -1.66798
19.6535 -1.64709
19.6634 -1.6238
19.6733 -1.59814
19.6832 -1.57017
19.6931 -1.53993
19.703 -1.50748
19.7129 -1.47289
19.7228 -1.43621
19.7327 -1.39752
19.7426 -1.35691
19.7525 -1.31444
19.7624 -1.27021
19.7723 -1.22431
19.7822 -1.17683
19.7921 -1.12786
19.802 -1.07751
19.8119 -1.02589
19.8218 -0.973097
19.8317 -0.919245
19.8416 -0.864448
19.8515 -0.808819
19.8614 -0.752475
19.8713 -0.695535
19.8812 -0.638118
19.8911 -0.580345
19.901 -0.522338
19.9109 -0.464219
19.9208 -0.406109
19.9307 -0.348131
19.9406 -0.290406
19.9505 -0.233056
19.9604 -0.176199
19.9703 -0.119955
19.9802 -0.0644401
19.9901 -0.00976959
20 0.0439437
20.0099 0.0965895
20.0198 0.14806
20.0297 0.198251
20.0396 0.24706
20.0495 0.294389
20.0594 0.340145
20.0693 0.384237
20.0792 0.426578
20.0891 0.467087
20.099 0.505687
20.1089 0.542305
20.1188 0.576873
20.1287 0.609329
20.1386 0.639616
20.1485 0.667681
20.1584 0.693479
20.1683 0.716969
20.1782 0.738115
20.1881 0.756889
20.198 0.773267
20.2079 0.787232
20.2178 0.798771
20.2277 0.807881
20.2376 0.81456
20.2475 0.818816
20.2574 0.820662
20.2673 0.820115
20.2772 0.8172
20.2871 0.811947
20.297 0.804393
20.3069 0.794578
20.3168 0.78255
20.3267 0.768361
20.3366 0.75207
20.3465 0.733739
20.3564 0.713437
20.3663 0.691237
20.3762 0.667216
20.3861 0.641457
20.396 0.614045
20.4059 0.585072
20.4158 0.554631
20.4257 0.52282
20.4356 0.489741
20.4455 0.455498
20.4554 0.420199
20.4653 0.383952
20.4752 0.34687
20.4851 0.309068
20.495 0.27066
20.505 0.231765
20.5149 0.192501
20.5248 0.152987
20.5347 0.113343
20.5446 0.0736895
20.5545 0.0341471
20.5644 -0.00516441
20.5743 -0.0441257
20.5842 -0.0826184
20.5941 -0.120525
20.604 -0.15773
20.6139 -0.194119
20.6238 -0.229579
20.6337 -0.264003
20.6436 -0.297281
20.6535 -0.32931
20.6634 -0.359989
20.6733 -0.38922
20.6832 -0.416908
20.6931 -0.442964
20.703 -0.467301
20.7129 -0.489838
20.7228 -0.510495
20.7327 -0.529201
20.7426 -0.545888
20.7525 -0.560492
20.7624 -0.572956
20.7723 -0.583228
20.7822 -0.591259
20.7921 -0.597009
20.802 -0.600442
20.8119 -0.601527
20.8218 -0.600241
20.8317 -0.596565
20.8416 -0.590487
20.8515 -0.582001
20.8614 -0.571105
20.8713 -0.557806
20.8812 -0.542115
20.8911 -0.52405
20.901 -0.503633
20.9109 -0.480896
20.9208 -0.455872
20.9307 -0.428602
20.9406 -0.399133
20.9505 -0.367517
20.9604 -0.33381
20.9703 -0.298077
20.9802 -0.260384
20.9901 -0.220803
21 -0.179413
21.0099 -0.136295
21.0198 -0.0915351
21.0297 -0.0452238
21.0396 0.00254453
21.0495 0.0516719
21.0594 0.102057
21.0693 0.153595
21.0792 0.206178
21.0891 0.259696
21.099 0.314036
21.1089 0.369083
21.1188 0.424721
21.1287 0.48083
21.1386 0.537291
21.1485 0.593984
21.1584 0.650787
21.1683 0.707579
21.1782 0.764236
21.1881 0.820637
21.198 0.876662
21.2079 0.932188
21.2178 0.987098
21.2277 1.04127
21.2376 1.09459
21.2475 1.14695
21.2574 1.19823
21.2673 1.24831
21.2772 1.29711
21.2871 1.3445
21.297 1.39039
21.3069 1.43468
21.3168 1.47727
21.3267 1.51809
21.3366 1.55704
21.3465 1.59404
21.3564 1.62901
21.3663 1.66189
21.3762 1.6926
21.3861 1.72109
21.396 1.74729
21.4059 1.77116
21.4158 1.79265
21.4257 1.81172
21.4356 1.82834
21.4455 1.84248
21.4554 1.85411
21.4653 1.86323
21.4752 1.86981
21.4851 1.87386
21.495 1.87537
21.505 1.87436
21.5149 1.87083
21.5248 1.86481
21.5347 1.85633
21.5446 1.8454
21.5545 1.83208
21.5644 1.81639
21.5743 1.7984
21.5842 1.77815
21.5941 1.75571
21.604 1.73113
21.6139 1.70449
21.6238 1.67586
21.6337 1.64532
21.6436 1.61295
21.6535 1.57884
21.6634 1.54308
21.6733 1.50577
21.6832 1.467
21.6931 1.42688
21.703 1.38551
21.7129 1.343
21.7228 1.29946
21.7327 1.25501
21.7426 1.20976
21.7525 1.16382
21.7624 1.11731
21.7723 1.07036
21.7822 1.02308
21.7921 0.975598
21.802 0.928029
21.8119 0.880497
21.8218 0.833122
21.8317 0.786024
21.8416 0.739322
21.8515 0.693135
21.8614 0.647579
21.8713 0.602769
21.8812 0.558817
21.8911 0.515834
21.901 0.473927
21.9109 0.433202
21.9208 0.39376
21.9307 0.355699
21.9406 0.319115
21.9505 0.284098
21.9604 0.250735
21.9703 0.219109
21.9802 0.189298
21.9901 0.161375
22 0.135409
22.0099 0.111464
22.0198 0.0895966
22.0297 0.0698612
22.0396 0.0523052
22.0495 0.0369704
22.0594 0.0238933
22.0693 0.0131043
22.0792 0.00462828
22.0891 -0.001516
22.099 -0.00531564
22.1089 -0.0067637
22.1188 -0.00585928
22.1287 -0.00260742
22.1386 0.00298081
22.1485 0.0108884
22.1584 0.0210925
22.1683 0.0335643
22.1782 0.0482692
22.1881 0.065167
22.198 0.0842119
22.2079 0.105352
22.2178 0.128532
22.2277 0.153689
22.2376 0.180756
22.2475 0.209661
22.2574 0.240327
22.2673 0.272675
22.2772 0.306617
22.2871 0.342064
22.297 0.378923
22.3069 0.417097
22.3168 0.456485
22.3267 0.496983
22.3366 0.538484
22.3465 0.580878
22.3564 0.624055
22.3663 0.6679
22.3762 0.712297
22.3861 0.757128
22.396 0.802276
22.4059 0.847619
22.4158 0.893039
22.4257 0.938413
22.4356 0.983622
22.4455 1.02854
22.4554 1.07306
22.4653 1.11705
22.4752 1.1604
22.4851 1.20298
22.495 1.24469
22.505 1.2854
22.5149 1.32502
22.5248 1.36343
22.5347 1.40052
22.5446 1.43619
22.5545 1.47035
22.5644 1.50289
22.5743 1.53372
22.5842 1.56276
22.5941 1.58992
22.604 1.61513
22.6139 1.6383
22.6238 1.65936
22.6337 1.67826
22.6436 1.69493
22.6535 1.70932
22.6634 1.72137
22.6733 1.73104
22.6832 1.7383
22.6931 1.74311
22.703 1.74545
22.7129 1.74529
22.7228 1.74262
22.7327 1.73743
22.7426 1.72972
22.7525 1.71948
22.7624 1.70674
22.7723 1.6915
22.7822 1.67379
22.7921 1.65363
22.802 1.63106
22.8119 1.60611
22.8218 1.57883
22.8317 1.54926
22.8416 1.51747
22.8515 1.48352
22.8614 1.44746
22.8713 1.40937
22.8812 1.36933
22.8911 1.32741
22.901 1.2837
22.9109 1.23829
22.9208 1.19127
22.9307 1.14274
22.9406 1.0928
22.9505 1.04155
22.9604 0.989096
22.9703 0.935552
22.9802 0.881027
22.9901 0.825636
23 0.769494
23.0099 0.712721
23.0198 0.655435
23.0297 0.597757
23.0396 0.539807
23.0495 0.481709
23.0594 0.423583
23.0693 0.365553
23.0792 0.307739
23.0891 0.250264
23.099 0.193246
23.1089 0.136805
23.1188 0.0810586
23.1287 0.0261221
23.1386 -0.0278909
23.1485 -0.0808693
23.1584 -0.132705
23.1683 -0.183291
23.1782 -0.232526
23.1881 -0.280311
23.198 -0.32655
23.2079 -0.371152
23.2178 -0.414028
23.2277 -0.455097
23.2376 -0.494279
23.2475 -0.5315
23.2574 -0.566692
23.2673 -0.59979
23.2772 -0.630735
23.2871 -0.659474
23.297 -0.685959
23.3069 -0.710147
23.3168 -0.732001
23.3267 -0.751492
23.3366 -0.768593
23.3465 -0.783285
23.3564 -0.795555
23.3663 -0.805396
23.3762 -0.812806
23.3861 -0.81779
23.396 -0.820359
23.4059 -0.82053
23.4158 -0.818324
23.4257 -0.813772
23.4356 -0.806905
23.4455 -0.797766
23.4554 -0.786398
23.4653 -0.772854
23.4752 -0.757189
23.4851 -0.739465
23.495 -0.719748
23.505 -0.698111
23.5149 -0.67463
23.5248 -0.649384
23.5347 -0.62246
23.5446 -0.593947
23.5545 -0.563938
23.5644 -0.532529
23.5743 -0.499821
23.5842 -0.465917
23.5941 -0.430924
23.604 -0.39495
23.6139 -0.358108
23.6238 -0.32051
23.6337 -0.282272
23.6436 -0.243511
23.6535 -0.204345
23.6634 -0.164894
23.6733 -0.125276
23.6832 -0.0856133
23.6931 -0.046025
23.703 -0.00663138
23.7129 0.0324478
23.7228 0.0710939
23.7327 0.109189
23.7426 0.146617
23.7525 0.183263
23.7624 0.219015
23.7723 0.253762
23.7822 0.287395
23.7921 0.319811
23.802 0.350907
23.8119 0.380583
23.8218 0.408746
23.8317 0.435302
23.8416 0.460165
23.8515 0.483252
23.8614 0.504482
23.8713 0.523783
23.8812 0.541084
23.8911 0.556321
23.901 0.569435
23.9109 0.580371
23.9208 0.589081
23.9307 0.595521
23.9406 0.599654
23.9505 0.601449
23.9604 0.600879
23.9703 0.597923
23.9802 0.592569
23.9901 0.584807
24 0.574636
24.0099 0.562059
24.0198 0.547086
24.0297 0.529733
24.0396 0.510021
24.0495 0.487979
24.0594 0.463638
24.0693 0.43704
24.0792 0.408227
24.0891 0.377251
24.099 0.344167
24.1089 0.309037
24.1188 0.271926
24.1287 0.232905
24.1386 0.192051
24.1485 0.149444
24.1584 0.105169
24.1683 0.0593146
24.1782 0.0119744
24.1881 -0.0367546
24.198 -0.0867721
24.2079 -0.137974
24.2178 -0.190254
24.2277 -0.243503
24.2376 -0.297608
24.2475 -0.352454
24.2574 -0.407926
24.2673 -0.463906
24.2772 -0.520275
24.2871 -0.576911
24.297 -0.633694
24.3069 -0.690501
24.3168 -0.747211
24.3267 -0.803703
24.3366 -0.859853
24.3465 -0.915542
24.3564 -0.97065
24.3663 -1.02506
24.3762 -1.07865
24.3861 -1.13131
24.396 -1.18292
24.4059 -1.23338
24.4158 -1.28257
24.4257 -1.33039
24.4356 -1.37674
24.4455 -1.42153
24.4554 -1.46464
24.4653 -1.506
24.4752 -1.54552
24.4851 -1.58312
24.495 -1.61871
24.505 -1.65222
24.5149 -1.68359
24.5248 -1.71275
24.5347 -1.73965
24.5446 -1.76423
24.5545 -1.78644
24.5644 -1.80624
24.5743 -1.8236
24.5842 -1.83849
24.5941 -1.85088
24.604 -1.86075
24.6139 -1.8681
24.6238 -1.87291
24.6337 -1.87518
24.6436 -1.87493
24.6535 -1.87216
24.6634 -1.86689
24.6733 -1.85914
24.6832 -1.84894
24.6931 -1.83633
24.703 -1.82136
24.7129 -1.80405
24.7228 -1.78448
24.7327 -1.76269
24.7426 -1.73875
24.7525 -1.71272
24.7624 -1.68468
24.7723 -1.6547
24.7822 -1.62288
24.7921 -1.58928
24.802 -1.55401
24.8119 -1.51715
24.8218 -1.47881
24.8317 -1.43908
24.8416 -1.39808
24.8515 -1.3559
24.8614 -1.31266
24.8713 -1.26847
24.8812 -1.22345
24.8911 -1.1777
24.901 -1.13136
24.9109 -1.08453
24.9208 -1.03733
24.9307 -0.989898
24.9406 -0.942342
24.9505 -0.894787
24.9604 -0.847351
24.9703 -0.800158
24.9802 -0.753324
24.9901 -0.70697
25 -0.661212
25.0099 -0.616165
25.0198 -0.571943
25.0297 -0.528657
25.0396 -0.486415
25.0495 -0.445324
25.0594 -0.405485
25.0693 -0.366999
25.0792 -0.329961
25.0891 -0.294463
25.099 -0.260594
25.1089 -0.228437
25.1188 -0.198072
25.1287 -0.169574
25.1386 -0.143012
25.1485 -0.118452
25.1584 -0.0959536
25.1683 -0.0755716
25.1782 -0.0573553
25.1881 -0.0413481
25.198 -0.0275883
25.2079 -0.016108
25.2178 -0.00693387
25.2277 -8.64345e-05
25.2376 0.0044196
25.2475 0.00657553
25.2574 0.00637861
25.2673 0.00383211
25.2772 -0.00105472
25.2871 -0.00826667
25.297 -0.0177826
25.3069 -0.0295755
25.3168 -0.0436125
25.3267 -0.0598552
25.3366 -0.0782592
25.3465 -0.098775
25.3564 -0.121347
25.3663 -0.145916
25.3762 -0.172416
25.3861 -0.200776
25.396 -0.230921
25.4059 -0.262771
25.4158 -0.296242
25.4257 -0.331247
25.4356 -0.367691
25.4455 -0.40548
25.4554 -0.444513
25.4653 -0.484688
25.4752 -0.525899
25.4851 -0.568036
25.495 -0.61099
25.505 -0.654646
25.5149 -0.698888
25.5248 -0.743602
25.5347 -0.788666
25.5446 -0.833964
25.5545 -0.879373
25.5644 -0.924774
25.5743 -0.970045
25.5842 -1.01507
25.5941 -1.05972
25.604 -1.10388
25.6139 -1.14743
25.6238 -1.19025
25.6337 -1.23224
25.6436 -1.27326
25.6535 -1.31322
25.6634 -1.35201
25.6733 -1.3895
25.6832 -1.42561
25.6931 -1.46024
25.703 -1.49327
25.7129 -1.52463
25.7228 -1.55422
25.7327 -1.58195
25.7426 -1.60776
25.7525 -1.63154
25.7624 -1.65325
25.7723 -1.67281
25.7822 -1.69015
25.7921 -1.70523
25.802 -1.71799
25.8119 -1.72838
25.8218 -1.73637
25.8317 -1.74192
25.8416 -1.74501
25.8515 -1.7456
25.8614 -1.74369
25.8713 -1.73926
25.8812 -1.7323
25.8911 -1.72283
25.901 -1.71084
25.9109 -1.69635
25.9208 -1.67938
25.9307 -1.65995
25.9406 -1.6381
25.9505 -1.61386
25.9604 -1.58728
25.9703 -1.5584
25.9802 -1.52727
25.9901 -1.49396
26 -1.45852
26.0099 -1.42104
26.0198 -1.38157
26.0297 -1.34021
26.0396 -1.29703
26.0495 -1.25212
26.0594 -1.20558
26.0693 -1.15749
26.0792 -1.10797
26.0891 -1.0571
26.099 -1.005
26.1089 -0.951769
26.1188 -0.897527
26.1287 -0.842385
26.1386 -0.786457
26.1485 -0.729861
26.1584 -0.672717
26.1683 -0.615144
26.1782 -0.557263
26.1881 -0.499197
26.198 -0.441066
26.2079 -0.382995
26.2178 -0.325103
26.2277 -0.267513
26.2376 -0.210345
26.2475 -0.153718
26.2574 -0.0977504
26.2673 -0.0425582
26.2772 0.0117445
26.2871 0.0650457
26.297 0.117236
26.3069 0.168209
26.3168 0.217861
26.3267 0.266093
26.3366 0.312807
26.3465 0.35791
26.3564 0.401315
26.3663 0.442936
26.3762 0.482694
26.3861 0.520512
26.396 0.556322
26.4059 0.590056
26.4158 0.621654
26.4257 0.651062
26.4356 0.67823
26.4455 0.703113
26.4554 0.725674
26.4653 0.745878
26.4752 0.7637
26.4851 0.779119
26.495 0.792119
26.505 0.802691
26.5149 0.810832
26.5248 0.816545
26.5347 0.819839
26.5446 0.82073
26.5545 0.819236
26.5644 0.815386
26.5743 0.809212
26.5842 0.800752
26.5941 0.79005
26.604 0.777154
26.6139 0.762121
26.6238 0.74501
26.6337 0.725886
26.6436 0.704819
26.6535 0.681884
26.6634 0.65716
26.6733 0.630732
26.6832 0.602687
26.6931 0.573118
26.703 0.54212
26.7129 0.509792
26.7228 0.476236
26.7327 0.44156
26.7426 0.405869
26.7525 0.369277
26.7624 0.331894
26.7723 0.293837
26.7822 0.255221
26.7921 0.216164
26.802 0.176786
26.8119 0.137206
26.8218 0.0975439
26.8317 0.0579204
26.8416 0.0184556
26.8515 -0.0207307
26.8614 -0.0595195
26.8713 -0.0977927
26.8812 -0.135434
26.8911 -0.172327
26.901 -0.208359
26.9109 -0.24342
26.9208 -0.2774
26.9307 -0.310193
26.9406 -0.341696
26.9505 -0.37181
26.9604 -0.400438
26.9703 -0.427487
26.9802 -0.452868
26.9901 -0.476497
27 -0.498294
27.0099 -0.518183
27.0198 -0.536093
27.0297 -0.551958
27.0396 -0.565716
27.0495 -0.577313
27.0594 -0.586697
27.0693 -0.593824
27.0792 -0.598656
27.0891 -0.601157
27.099 -0.6013
27.1089 -0.599064
27.1188 -0.594433
27.1287 -0.587396
27.1386 -0.57795
27.1485 -0.566096
27.1584 -0.551842
27.1683 -0.535203
27.1782 -0.516198
27.1881 -0.494854
27.198 -0.471201
27.2079 -0.445277
27.2178 -0.417125
27.2277 -0.386795
27.2376 -0.354339
27.2475 -0.319818
27.2574 -0.283295
27.2673 -0.244841
27.2772 -0.204531
27.2871 -0.162442
27.297 -0.11866
27.3069 -0.0732708
27.3168 -0.0263677
27.3267 0.0219539
27.3366 0.0715946
27.3465 0.122451
27.3564 0.174419
27.3663 0.227387
27.3762 0.281246
27.3861 0.335882
27.396 0.391178
27.4059 0.447018
27.4158 0.503282
27.4257 0.55985
27.4356 0.616602
27.4455 0.673415
27.4554 0.730167
27.4653 0.786737
27.4752 0.843003
27.4851 0.898843
27.495 0.954139
27.505 1.00877
27.5149 1.06262
27.5248 1.11557
27.5347 1.16751
27.5446 1.21832
27.5545 1.26791
27.5644 1.31615
27.5743 1.36296
27.5842 1.40822
27.5941 1.45185
27.604 1.49375
27.6139 1.53383
27.6238 1.57201
27.6337 1.60821
27.6436 1.64236
27.6535 1.67438
27.6634 1.70421
27.6733 1.7318
27.6832 1.75708
27.6931 1.78001
27.703 1.80054
27.7129 1.81864
27.7228 1.83427
27.7327 1.84741
27.7426 1.85805
27.7525 1.86615
27.7624 1.87173
27.7723 1.87476
27.7822 1.87527
27.7921 1.87325
27.802 1.86873
27.8119 1.86173
27.8218 1.85226
27.8317 1.84038
27.8416 1.82611
27.8515 1.8095
27.8614 1.7906
27.8713 1.76947
27.8812 1.74617
27.8911 1.72076
27.901 1.69332
27.9109 1.66392
27.9208 1.63264
27.9307 1.59957
27.9406 1.56479
27.9505 1.5284
27.9604 1.4905
27.9703 1.45118
27.9802 1.41054
27.9901 1.36871
28 1.32578
28.0099 1.28186
28.0198 1.23707
28.0297 1.19153
28.0396 1.14536
28.0495 1.09866
28.0594 1.05156
28.0693 1.00419
28.0792 0.956655
28.0891 0.909087
28.099 0.861603
28.1089 0.814324
28.1188 0.767369
28.1287 0.720859
28.1386 0.674909
28.1485 0.629636
28.1584 0.585154
28.1683 0.541575
28.1782 0.499008
28.1881 0.457559
28.198 0.417333
28.2079 0.37843
28.2178 0.340946
28.2277 0.304976
28.2376 0.270607
28.2475 0.237927
28.2574 0.207014
28.2673 0.177947
28.2772 0.150795
28.2871 0.125627
28.297 0.102502
28.3069 0.0814781
28.3168 0.0626053
28.3267 0.0459293
28.3366 0.0314896
28.3465 0.0193205
28.3564 0.00945011
28.3663 0.00190085
28.3762 -0.00331081
28.3861 -0.00617434
28.396 -0.00668523
28.4059 -0.00484492
28.4158 -0.000660865
28.4257 0.0058535
28.4356 0.0146788
28.4455 0.0257899
28.4554 0.0391555
28.4653 0.054739
28.4752 0.0724978
28.4851 0.0923838
28.495 0.114344
28.505 0.138318
28.5149 0.164244
28.5248 0.192052
28.5347 0.221668
28.5446 0.253014
28.5545 0.286007
28.5644 0.32056
28.5743 0.356581
28.5842 0.393975
28.5941 0.432645
28.604 0.472487
28.6139 0.513398
28.6238 0.555268
28.6337 0.597988
28.6436 0.641444
28.6535 0.685523
28.6634 0.730107
28.6733 0.775078
28.6832 0.820318
28.6931 0.865707
28.703 0.911123
28.7129 0.956446
28.7228 1.00155
28.7327 1.04633
28.7426 1.09065
28.7525 1.1344
28.7624 1.17745
28.7723 1.2197
28.7822 1.26103
28.7921 1.30132
28.802 1.34047
28.8119 1.37836
28.8218 1.4149
28.8317 1.44998
28.8416 1.4835
28.8515 1.51538
28.8614 1.54551
28.8713 1.57381
28.8812 1.6002
28.8911 1.6246
28.901 1.64694
28.9109 1.66715
28.9208 1.68517
28.9307 1.70094
28.9406 1.7144
28.9505 1.72551
28.9604 1.73423
28.9703 1.74051
28.9802 1.74434
28.9901 1.74569
29 1.74453
29.0099 1.74085
29.0198 1.73466
29.0297 1.72594
29.0396 1.71471
29.0495 1.70097
29.0594 1.68474
29.0693 1.66605
29.0792 1.64493
29.0891 1.6214
29.099 1.59552
29.1089 1.56732
29.1188 1.53687
29.1287 1.5042
29.1386 1.4694
29.1485 1.43253
29.1584 1.39365
29.1683 1.35285
29.1782 1.31021
29.1881 1.26581
29.198 1.21975
29.2079 1.17212
29.2178 1.12301
29.2277 1.07254
29.2376 1.0208
29.2475 0.967895
29.2574 0.913946
29.2673 0.859063
29.2772 0.803359
29.2871 0.746952
29.297 0.68996
29.3069 0.632503
29.3168 0.574702
29.3267 0.516679
29.3366 0.458555
29.3465 0.400453
29.3564 0.342494
29.3663 0.2848
29.3762 0.227493
29.3861 0.170691
29.396 0.114512
29.4059 0.0590748
29.4158 0.00449264
29.4257 -0.0491215
29.4356 -0.101657
29.4455 -0.153008
29.4554 -0.203068
29.4653 -0.251737
29.4752 -0.298918
29.4851 -0.344515
29.495 -0.38844
29.505 -0.430606
29.5149 -0.470933
29.5248 -0.509343
29.5347 -0.545764
29.5446 -0.580129
29.5545 -0.612376
29.5644 -0.642448
29.5743 -0.670295
29.5842 -0.69587
29.5941 -0.719133
29.604 -0.740049
29.6139 -0.75859
29.6238 -0.774734
29.6337 -0.788463
29.6436 -0.799766
29.6535 -0.808638
29.6634 -0.815081
29.6733 -0.819102
29.6832 -0.820714
29.6931 -0.819935
29.703 -0.816791
29.7129 -0.811312
29.7228 -0.803535
29.7327 -0.793502
29.7426 -0.781261
29.7525 -0.766865
29.7624 -0.750373
29.7723 -0.731847
29.7822 -0.711357
29.7921 -0.688976
29.802 -0.664782
29.8119 -0.638857
29.8218 -0.611289
29.8317 -0.582169
29.8416 -0.55159
29.8515 -0.519651
29.8614 -0.486455
29.8713 -0.452104
29.8812 -0.416707
29.8911 -0.380374
29.901 -0.343217
29.9109 -0.30535
29.9208 -0.26689
29.9307 -0.227954
29.9406 -0.18866
29.9505 -0.149128
29.9604 -0.109478
29.9703 -0.0698303
29.9802 -0.0303051
29.9901 0.00897757
30 0.0478984
30.0099 0.0863391
30.0198 0.124182
30.0297 0.161313
30.0396 0.197616
30.0495 0.23298
30.0594 0.267297
30.0693 0.300458
30.0792 0.33236
30.0891 0.362902
30.099 0.391987
30.1089 0.41952
30.1188 0.445412
30.1287 0.469578
30.1386 0.491934
30.1485 0.512405
30.1584 0.530917
30.1683 0.547403
30.1782 0.561802
30.1881 0.574054
30.198 0.584109
30.2079 0.59192
30.2178 0.597446
30.2277 0.600651
30.2376 0.601506
30.2475 0.599988
30.2574 0.596079
30.2673 0.589766
30.2772 0.581045
30.2871 0.569915
30.297 0.556382
30.3069 0.540459
30.3168 0.522163
30.3267 0.50152
30.3366 0.478558
30.3465 0.453313
30.3564 0.425827
30.3663 0.396146
30.3762 0.364324
30.3861 0.330417
30.396 0.29449
30.4059 0.256609
30.4158 0.216849
30.4257 0.175287
30.4356 0.132005
30.4455 0.0870899
30.4554 0.0406325
30.4653 -0.00727267
30.4752 -0.0565271
30.4851 -0.107029
30.495 -0.158674
30.505 -0.211353
30.5149 -0.264956
30.5248 -0.31937
30.5347 -0.37448
30.5446 -0.430168
30.5545 -0.486317
30.5644 -0.542807
30.5743 -0.599516
30.5842 -0.656323
30.5941 -0.713106
30.604 -0.769744
30.6139 -0.826114
30.6238 -0.882095
30.6337 -0.937567
30.6436 -0.99241
30.6535 -1.04651
30.6634 -1.09974
30.6733 -1.15199
30.6832 -1.20316
30.6931 -1.25313
30.703 -1.30179
30.7129 -1.34903
30.7228 -1.39477
30.7327 -1.4389
30.7426 -1.48133
30.7525 -1.52197
30.7624 -1.56073
30.7723 -1.59754
30.7822 -1.63231
30.7921 -1.66498
30.802 -1.69547
30.8119 -1.72374
30.8218 -1.74972
30.8317 -1.77336
30.8416 -1.79462
30.8515 -1.81345
30.8614 -1.82983
30.8713 -1.84372
30.8812 -1.85511
30.8911 -1.86398
30.901 -1.87032
30.9109 -1.87412
30.9208 -1.87538
30.9307 -1.87413
30.9406 -1.87036
30.9505 -1.86409
30.9604 -1.85537
30.9703 -1.84421
30.9802 -1.83065
30.9901 -1.81474
31 -1.79653
31.0099 -1.77606
31.0198 -1.75341
31.0297 -1.72863
31.0396 -1.70179
31.0495 -1.67297
31.0594 -1.64224
31.0693 -1.6097
31.0792 -1.57543
31.0891 -1.53951
31.099 -1.50205
31.1089 -1.46315
31.1188 -1.4229
31.1287 -1.38142
31.1386 -1.3388
31.1485 -1.29517
31.1584 -1.25063
31.1683 -1.20531
31.1782 -1.15931
31.1881 -1.11275
31.198 -1.06577
31.2079 -1.01846
31.2178 -0.970965
31.2277 -0.923395
31.2376 -0.875873
31.2475 -0.828519
31.2574 -0.781455
31.2673 -0.734798
31.2772 -0.688667
31.2871 -0.643179
31.297 -0.598447
31.3069 -0.554585
31.3168 -0.511702
31.3267 -0.469906
31.3366 -0.429301
31.3465 -0.389989
31.3564 -0.352068
31.3663 -0.315633
31.3762 -0.280774
31.3861 -0.247577
31.396 -0.216124
31.4059 -0.186494
31.4158 -0.158759
31.4257 -0.132987
31.4356 -0.109241
31.4455 -0.0875793
31.4554 -0.0680543
31.4653 -0.0507129
31.4752 -0.0355966
31.4851 -0.0227411
31.495 -0.0121765
31.505 -0.00392689
31.5149 0.00198943
31.5248 0.00556017
31.5347 0.00677898
31.5446 0.00564554
31.5545 0.00216548
31.5644 -0.00364956
31.5743 -0.011782
31.5842 -0.0222084
31.5941 -0.0348993
31.604 -0.0498198
31.6139 -0.0669289
31.6238 -0.0861803
31.6337 -0.107522
31.6436 -0.130897
31.6535 -0.156243
31.6634 -0.183492
31.6733 -0.212572
31.6832 -0.243406
31.6931 -0.275913
31.703 -0.310005
31.7129 -0.345595
31.7228 -0.382586
31.7327 -0.420883
31.7426 -0.460383
31.7525 -0.500983
31.7624 -0.542576
31.7723 -0.585052
31.7822 -0.628299
31.7921 -0.672203
31.802 -0.716647
31.8119 -0.761515
31.8218 -0.806686
31.8317 -0.852043
31.8416 -0.897463
31.8515 -0.942827
31.8614 -0.988013
31.8713 -1.0329
31.8812 -1.07737
31.8911 -1.1213
31.901 -1.16458
31.9109 -1.20708
31.9208 -1.2487
31.9307 -1.28931
31.9406 -1.32882
31.9505 -1.3671
31.9604 -1.40406
31.9703 -1.43959
31.9802 -1.47359
31.9901 -1.50597
32 -1.53663
32.0099 -1.56549
32.0198 -1.59247
32.0297 -1.61748
32.0396 -1.64044
32.0495 -1.6613
32.0594 -1.67999
32.0693 -1.69643
32.0792 -1.71059
32.0891 -1.72242
32.099 -1.73186
32.1089 -1.73888
32.1188 -1.74345
32.1287 -1.74554
32.1386 -1.74514
32.1485 -1.74222
32.1584 -1.73679
32.1683 -1.72883
32.1782 -1.71835
32.1881 -1.70537
32.198 -1.68989
32.2079 -1.67194
32.2178 -1.65154
32.2277 -1.62873
32.2376 -1.60355
32.2475 -1.57605
32.2574 -1.54626
32.2673 -1.51426
32.2772 -1.48009
32.2871 -1.44383
32.297 -1.40555
32.3069 -1.36532
32.3168 -1.32323
32.3267 -1.27935
32.3366 -1.23378
32.3465 -1.18661
32.3564 -1.13794
32.3663 -1.08786
32.3762 -1.03649
32.3861 -0.983926
32.396 -0.930281
32.4059 -0.875666
32.4158 -0.820197
32.4257 -0.763989
32.4356 -0.707161
32.4455 -0.649831
32.4554 -0.592121
32.4653 -0.534152
32.4752 -0.476045
32.4851 -0.417923
32.495 -0.359909
32.505 -0.302123
32.5149 -0.244686
32.5248 -0.18772
32.5347 -0.131341
32.5446 -0.0756689
32.5545 -0.0208174
32.5644 0.0330997
32.5743 0.0859714
32.5842 0.13769
32.5941 0.188149
32.604 0.237247
32.6139 0.284885
32.6238 0.330969
32.6337 0.375406
32.6436 0.41811
32.6535 0.458999
32.6634 0.497993
32.6733 0.535019
32.6832 0.57001
32.6931 0.6029
32.703 0.633633
32.7129 0.662154
32.7228 0.688417
32.7327 0.712379
32.7426 0.734005
32.7525 0.753263
32.7624 0.77013
32.7723 0.784587
32.7822 0.796621
32.7921 0.806224
32.802 0.813398
32.8119 0.818146
32.8218 0.820481
32.8317 0.820419
32.8416 0.817984
32.8515 0.813204
32.8614 0.806114
32.8713 0.796755
32.8812 0.785173
32.8911 0.77142
32.901 0.755551
32.9109 0.73763
32.9208 0.717724
32.9307 0.695903
32.9406 0.672246
32.9505 0.646834
32.9604 0.619751
32.9703 0.591088
32.9802 0.560937
32.9901 0.529397
33 0.496568
33.0099 0.462554
33.0198 0.42746
33.0297 0.391397
33.0396 0.354476
33.0495 0.316811
33.0594 0.278517
33.0693 0.239711
33.0792 0.200512
33.0891 0.161039
33.099 0.121412
33.1089 0.0817512
33.1188 0.0421765
33.1287 0.00280831
33.1386 -0.0362339
33.1485 -0.0748314
33.1584 -0.112867
33.1683 -0.150224
33.1782 -0.186787
33.1881 -0.222446
33.198 -0.257089
33.2079 -0.290609
33.2178 -0.3229
33.2277 -0.353862
33.2376 -0.383395
33.2475 -0.411405
33.2574 -0.4378
33.2673 -0.462494
33.2772 -0.485403
33.2871 -0.506449
33.297 -0.525557
33.3069 -0.54266
33.3168 -0.557693
33.3267 -0.570597
33.3366 -0.581318
33.3465 -0.589809
33.3564 -0.596026
33.3663 -0.599933
33.3762 -0.601498
33.3861 -0.600696
33.396 -0.597507
33.4059 -0.591919
33.4158 -0.583922
33.4257 -0.573517
33.4356 -0.560706
33.4455 -0.5455
33.4554 -0.527916
33.4653 -0.507976
33.4752 -0.485708
33.4851 -0.461146
33.495 -0.434329
33.505 -0.405303
33.5149 -0.37412
33.5248 -0.340834
33.5347 -0.305507
33.5446 -0.268207
33.5545 -0.229005
33.5644 -0.187976
33.5743 -0.145203
33.5842 -0.100769
33.5941 -0.0547662
33.604 -0.00728644
33.6139 0.0415726
33.6238 0.0917102
33.6337 0.143022
33.6436 0.195401
33.6535 0.248738
33.6634 0.30292
33.6733 0.357833
33.6832 0.41336
33.6931 0.469383
33.703 0.525783
33.7129 0.582438
33.7228 0.639229
33.7327 0.696032
33.7426 0.752727
33.7525 0.80919
33.7624 0.865301
33.7723 0.920939
33.7822 0.975983
33.7921 1.03032
33.802 1.08382
33.8119 1.13638
33.8218 1.18789
33.8317 1.23823
33.8416 1.28729
33.8515 1.33497
33.8614 1.38118
33.8713 1.4258
33.8812 1.46875
33.8911 1.50994
33.901 1.54927
33.9109 1.58667
33.9208 1.62206
33.9307 1.65537
33.9406 1.68653
33.9505 1.71547
33.9604 1.74215
33.9703 1.76649
33.9802 1.78847
33.9901 1.80804
34 1.82516
34.0099 1.83981
34.0198 1.85195
34.0297 1.86158
34.0396 1.86868
34.0495 1.87324
34.0594 1.87527
34.0693 1.87477
34.0792 1.87175
34.0891 1.86624
34.099 1.85825
34.1089 1.84782
34.1188 1.83498
34.1287 1.81977
34.1386 1.80225
34.1485 1.78245
34.1584 1.76045
34.1683 1.7363
34.1782 1.71007
34.1881 1.68184
34.198 1.65168
34.2079 1.61968
34.2178 1.58592
34.2277 1.55048
34.2376 1.51348
34.2475 1.475
34.2574 1.43514
34.2673 1.39402
34.2772 1.35174
34.2871 1.3084
34.297 1.26412
34.3069 1.21902
34.3168 1.17321
34.3267 1.12681
34.3366 1.07994
34.3465 1.03272
34.3564 0.985268
34.3663 0.937707
34.3762 0.890158
34.3861 0.842741
34.396 0.795577
34.4059 0.748785
34.4158 0.702484
34.4257 0.65679
34.4356 0.611819
34.4455 0.567683
34.4554 0.524494
34.4653 0.48236
34.4752 0.441386
34.4851 0.401675
34.495 0.363325
34.505 0.326433
34.5149 0.29109
34.5248 0.257384
34.5347 0.225399
34.5446 0.195212
34.5545 0.166899
34.5644 0.14053
34.5743 0.116168
34.5842 0.093874
34.5941 0.0737009
34.604 0.055698
34.6139 0.0399082
34.6238 0.0263691
34.6337 0.0151124
34.6436 0.00616417
34.6535 -0.000455701
34.6634 -0.00473306
34.6733 -0.00665978
34.6832 -0.00623371
34.6931 -0.0034587
34.703 0.00165542
34.7129 0.00909285
34.7228 0.0188319
34.7327 0.030845
34.7426 0.0450987
34.7525 0.0615539
34.7624 0.080166
34.7723 0.100885
34.7822 0.123654
34.7921 0.148414
34.802 0.175098
34.8119 0.203635
34.8218 0.23395
34.8317 0.265962
34.8416 0.299587
34.8515 0.334735
34.8614 0.371315
34.8713 0.40923
34.8812 0.448379
34.8911 0.488659
34.901 0.529965
34.9109 0.572187
34.9208 0.615214
34.9307 0.658932
34.9406 0.703226
34.9505 0.747979
34.9604 0.793071
34.9703 0.838385
34.9802 0.883799
34.9901 0.929192
35 0.974444
35.0099 1.01943
35.0198 1.06404
35.0297 1.10815
35.0396 1.15164
35.0495 1.19438
35.0594 1.23628
35.0693 1.27721
35.0792 1.31706
35.0891 1.35572
35.099 1.39308
35.1089 1.42905
35.1188 1.46353
35.1287 1.4964
35.1386 1.52759
35.1485 1.557
35.1584 1.58455
35.1683 1.61016
35.1782 1.63375
35.1881 1.65525
35.198 1.6746
35.2079 1.69172
35.2178 1.70658
35.2277 1.71911
35.2376 1.72927
35.2475 1.73702
35.2574 1.74233
35.2673 1.74518
35.2772 1.74552
35.2871 1.74337
35.297 1.73869
35.3069 1.73149
35.3168 1.72177
35.3267 1.70954
35.3366 1.6948
35.3465 1.67759
35.3564 1.65793
35.3663 1.63585
35.3762 1.61138
35.3861 1.58456
35.396 1.55546
35.4059 1.52412
35.4158 1.4906
35.4257 1.45496
35.4356 1.41728
35.4455 1.37763
35.4554 1.33608
35.4653 1.29273
35.4752 1.24766
35.4851 1.20096
35.495 1.15273
35.505 1.10307
35.5149 1.05208
35.5248 0.999859
35.5347 0.946528
35.5446 0.892193
35.5545 0.836969
35.5644 0.78097
35.5743 0.724316
35.5842 0.667125
35.5941 0.609516
35.604 0.551612
35.6139 0.493534
35.6238 0.435404
35.6337 0.377345
35.6436 0.319477
35.6535 0.261923
35.6634 0.204802
35.6733 0.148234
35.6832 0.0923373
35.6931 0.0372268
35.703 -0.0169832
35.7129 -0.070181
35.7228 -0.122257
35.7327 -0.173106
35.7426 -0.222625
35.7525 -0.270712
35.7624 -0.317273
35.7723 -0.362215
35.7822 -0.40545
35.7921 -0.446893
35.802 -0.486465
35.8119 -0.524091
35.8218 -0.559701
35.8317 -0.593229
35.8416 -0.624617
35.8515 -0.653809
35.8614 -0.680756
35.8713 -0.705414
35.8812 -0.727746
35.8911 -0.74772
35.901 -0.765308
35.9109 -0.780492
35.9208 -0.793255
35.9307 -0.803591
35.9406 -0.811495
35.9505 -0.816972
35.9604 -0.820032
35.9703 -0.820688
35.9802 -0.818964
35.9901 -0.814886
36 -0.808488
36.0099 -0.799807
36.0198 -0.788889
36.0297 -0.775783
36.0396 -0.760544
36.0495 -0.743234
36.0594 -0.723917
36.0693 -0.702665
36.0792 -0.679552
36.0891 -0.654659
36.099 -0.628069
36.1089 -0.599872
36.1188 -0.570159
36.1287 -0.539027
36.1386 -0.506575
36.1485 -0.472906
36.1584 -0.438125
36.1683 -0.402342
36.1782 -0.365667
36.1881 -0.328214
36.198 -0.290097
36.2079 -0.251433
36.2178 -0.21234
36.2277 -0.172937
36.2376 -0.133343
36.2475 -0.0936799
36.2574 -0.0540666
36.2673 -0.0146237
36.2772 0.0245291
36.2871 0.0632728
36.297 0.10149
36.3069 0.139063
36.3168 0.175877
36.3267 0.21182
36.3366 0.24678
36.3465 0.280649
36.3564 0.313321
36.3663 0.344693
36.3762 0.374666
36.3861 0.403144
36.396 0.430034
36.4059 0.455249
36.4158 0.478703
36.4257 0.500317
36.4356 0.520016
36.4455 0.53773
36.4554 0.553392
36.4653 0.566942
36.4752 0.578325
36.4851 0.587491
36.495 0.594397
36.505 0.599002
36.5149 0.601275
36.5248 0.601187
36.5347 0.598719
36.5446 0.593853
36.5545 0.586582
36.5644 0.576901
36.5743 0.564812
36.5842 0.550326
36.5941 0.533455
36.604 0.514221
36.6139 0.49265
36.6238 0.468774
36.6337 0.442632
36.6436 0.414265
36.6535 0.383725
36.6634 0.351066
36.6733 0.316346
36.6832 0.279633
36.6931 0.240995
36.703 0.200507
36.7129 0.15825
36.7228 0.114307
36.7327 0.0687663
36.7426 0.0217207
36.7525 -0.0267339
36.7624 -0.0764976
36.7723 -0.127467
36.7822 -0.179537
36.7921 -0.232597
36.802 -0.286537
36.8119 -0.341242
36.8218 -0.396597
36.8317 -0.452483
36.8416 -0.508782
36.8515 -0.565373
36.8614 -0.622136
36.8713 -0.678948
36.8812 -0.735688
36.8911 -0.792234
36.901 -0.848464
36.9109 -0.904257
36.9208 -0.959492
36.9307 -1.01405
36.9406 -1.06782
36.9505 -1.12068
36.9604 -1.17251
36.9703 -1.22321
36.9802 -1.27267
36.9901 -1.32078
37 -1.36744
37.0099 -1.41255
37.0198 -1.45601
37.0297 -1.49774
37.0396 -1.53764
37.0495 -1.57563
37.0594 -1.61163
37.0693 -1.64557
37.0792 -1.67739
37.0891 -1.707
37.099 -1.73436
37.1089 -1.75942
37.1188 -1.78211
37.1287 -1.80241
37.1386 -1.82027
37.1485 -1.83566
37.1584 -1.84856
37.1683 -1.85895
37.1782 -1.86681
37.1881 -1.87213
37.198 -1.87492
37.2079 -1.87518
37.2178 -1.87292
37.2277 -1.86816
37.2376 -1.86091
37.2475 -1.85121
37.2574 -1.83909
37.2673 -1.82459
37.2772 -1.80776
37.2871 -1.78864
37.297 -1.7673
37.3069 -1.74379
37.3168 -1.71818
37.3267 -1.69054
37.3366 -1.66095
37.3465 -1.6295
37.3564 -1.59625
37.3663 -1.56131
37.3762 -1.52477
37.3861 -1.48673
37.396 -1.44727
37.4059 -1.40652
37.4158 -1.36457
37.4257 -1.32154
37.4356 -1.27753
37.4455 -1.23267
37.4554 -1.18706
37.4653 -1.14083
37.4752 -1.09409
37.4851 -1.04696
37.495 -0.999562
37.505 -0.952021
37.5149 -0.904455
37.5248 -0.856986
37.5347 -0.809733
37.5446 -0.762817
37.5545 -0.716356
37.5644 -0.670467
37.5743 -0.625266
37.5842 -0.580867
37.5941 -0.537382
37.604 -0.494919
37.6139 -0.453585
37.6238 -0.413483
37.6337 -0.374714
37.6436 -0.337374
37.6535 -0.301555
37.6634 -0.267348
37.6733 -0.234836
37.6832 -0.2041
37.6931 -0.175216
37.703 -0.148255
37.7129 -0.123283
37.7228 -0.100361
37.7327 -0.079544
37.7426 -0.0608834
37.7525 -0.0444235
37.7624 -0.0302037
37.7723 -0.0182574
37.7822 -0.00861225
37.7921 -0.0012901
37.802 0.00369315
37.8119 0.00632758
37.8218 0.00660923
37.8317 0.00454016
37.8416 0.000128388
37.8515 -0.00661208
37.8614 -0.0156613
37.8713 -0.0269934
37.8812 -0.0405769
37.8911 -0.0563742
37.901 -0.0743425
37.9109 -0.094433
37.9208 -0.116592
37.9307 -0.140759
37.9406 -0.166872
37.9505 -0.194859
37.9604 -0.224647
37.9703 -0.256157
37.9802 -0.289306
37.9901 -0.324006
38 -0.360165
38.0099 -0.397688
38.0198 -0.436477
38.0297 -0.476428
38.0396 -0.517436
38.0495 -0.559394
38.0594 -0.602191
38.0693 -0.645713
38.0792 -0.689846
38.0891 -0.734473
38.099 -0.779476
38.1089 -0.824736
38.1188 -0.870132
38.1287 -0.915544
38.1386 -0.960852
38.1485 -1.00593
38.1584 -1.05067
38.1683 -1.09494
38.1782 -1.13862
38.1881 -1.18161
38.198 -1.22377
38.2079 -1.265
38.2178 -1.30519
38.2277 -1.34422
38.2376 -1.38198
38.2475 -1.41838
38.2574 -1.45332
38.2673 -1.48668
38.2772 -1.51839
38.2871 -1.54835
38.297 -1.57647
38.3069 -1.60267
38.3168 -1.62687
38.3267 -1.64901
38.3366 -1.66901
38.3465 -1.68681
38.3564 -1.70235
38.3663 -1.71559
38.3762 -1.72646
38.3861 -1.73495
38.396 -1.74099
38.4059 -1.74458
38.4158 -1.74568
38.4257 -1.74428
38.4356 -1.74036
38.4455 -1.73392
38.4554 -1.72496
38.4653 -1.71348
38.4752 -1.6995
38.4851 -1.68303
38.495 -1.6641
38.505 -1.64274
38.5149 -1.61899
38.5248 -1.59287
38.5347 -1.56445
38.5446 -1.53378
38.5545 -1.50091
38.5644 -1.4659
38.5743 -1.42883
38.5842 -1.38976
38.5941 -1.34878
38.604 -1.30596
38.6139 -1.2614
38.6238 -1.21518
38.6337 -1.1674
38.6436 -1.11815
38.6535 -1.06755
38.6634 -1.01569
38.6733 -0.962683
38.6832 -0.908639
38.6931 -0.85367
38.703 -0.797892
38.7129 -0.741423
38.7228 -0.68438
38.7327 -0.626885
38.7426 -0.569057
38.7525 -0.511018
38.7624 -0.452891
38.7723 -0.394798
38.7822 -0.336859
38.7921 -0.279198
38.802 -0.221935
38.8119 -0.165188
38.8218 -0.109077
38.8317 -0.0537176
38.8416 0.000775117
38.8515 0.054289
38.8614 0.106714
38.8713 0.157943
38.8812 0.207873
38.8911 0.256401
38.901 0.303431
38.9109 0.34887
38.9208 0.392627
38.9307 0.434617
38.9406 0.47476
38.9505 0.51298
38.9604 0.549203
38.9703 0.583364
38.9802 0.615402
38.9901 0.64526
39 0.672887
39.0099 0.698238
39.0198 0.721274
39.0297 0.74196
39.0396 0.760269
39.0495 0.776178
39.0594 0.789671
39.0693 0.800737
39.0792 0.809373
39.0891 0.815579
39.099 0.819365
39.1089 0.820742
39.1188 0.819732
39.1287 0.816359
39.1386 0.810655
39.1485 0.802656
39.1584 0.792406
39.1683 0.779953
39.1782 0.76535
39.1881 0.748656
39.198 0.729936
39.2079 0.709258
39.2178 0.686697
39.2277 0.662331
39.2376 0.636242
39.2475 0.608519
39.2574 0.579252
39.2673 0.548537
39.2772 0.516471
39.2871 0.483157
39.297 0.4487
39.3069 0.413207
39.3168 0.376788
39.3267 0.339557
39.3366 0.301628
39.3465 0.263116
39.3564 0.224139
39.3663 0.184817
39.3762 0.145268
39.3861 0.105613
39.396 0.0659722
39.4059 0.0264654
39.4158 -0.0127873
39.4257 -0.0516666
39.4356 -0.0900542
39.4455 -0.127833
39.4554 -0.164888
39.4653 -0.201104
39.4752 -0.236372
39.4851 -0.27058
39.495 -0.303623
39.505 -0.335397
39.5149 -0.365801
39.5248 -0.394739
39.5347 -0.422116
39.5446 -0.447844
39.5545 -0.471836
39.5644 -0.494012
39.5743 -0.514295
39.5842 -0.532613
39.5941 -0.548899
39.604 -0.563091
39.6139 -0.575131
39.6238 -0.58497
39.6337 -0.592559
39.6436 -0.597861
39.6535 -0.600838
39.6634 -0.601463
39.6733 -0.599713
39.6832 -0.59557
39.6931 -0.589023
39.703 -0.580067
39.7129 -0.568702
39.7228 -0.554936
39.7327 -0.53878
39.7426 -0.520255
39.7525 -0.499384
39.7624 -0.476198
39.7723 -0.450733
39.7822 -0.423031
39.7921 -0.393139
39.802 -0.361111
39.8119 -0.327005
39.8218 -0.290884
39.8317 -0.252817
39.8416 -0.212878
39.8515 -0.171144
39.8614 -0.1277
39.8713 -0.0826301
39.8812 -0.0360274
39.8911 0.0120136
39.901 0.0613941
39.9109 0.112012
39.9208 0.163762
39.9307 0.216536
39.9406 0.270223
39.9505 0.32471
39.9604 0.379881
39.9703 0.43562
39.9802 0.491808
39.9901 0.548324
40 0.605048
40.0099 0.661858
40.0198 0.718633
40.0297 0.77525
40.0396 0.831587
40.0495 0.887524
40.0594 0.94294
40.0693 0.997715
40.0792 1.05173
40.0891 1.10488
40.099 1.15703
40.1089 1.20808
40.1188 1.25793
40.1287 1.30645
40.1386 1.35356
40.1485 1.39914
40.1584 1.44311
40.1683 1.48537
40.1782 1.52583
40.1881 1.5644
40.198 1.60101
40.2079 1.63558
40.2178 1.66804
40.2277 1.69833
40.2376 1.72637
40.2475 1.75212
40.2574 1.77553
40.2673 1.79656
40.2772 1.81515
40.2871 1.83129
40.297 1.84494
40.3069 1.85609
40.3168 1.86471
40.3267 1.8708
40.3366 1.87435
40.3465 1.87537
40.3564 1.87387
40.3663 1.86985
40.3762 1.86335
40.3861 1.85439
40.396 1.84299
40.4059 1.8292
40.4158 1.81307
40.4257 1.79463
40.4356 1.77395
40.4455 1.75109
40.4554 1.7261
40.4653 1.69907
40.4752 1.67006
40.4851 1.63915
40.495 1.60644
40.505 1.572
40.5149 1.53593
40.5248 1.49832
40.5347 1.45928
40.5446 1.41891
40.5545 1.37731
40.5644 1.33459
40.5743 1.29087
40.5842 1.24625
40.5941 1.20085
40.604 1.1548
40.6139 1.10819
40.6238 1.06117
40.6337 1.01384
40.6436 0.966332
40.6535 0.918761
40.6634 0.87125
40.6733 0.823919
40.6832 0.776889
40.6931 0.730279
40.703 0.684206
40.7129 0.638786
40.7228 0.594134
40.7327 0.550362
40.7426 0.50758
40.7525 0.465896
40.7624 0.425413
40.7723 0.386232
40.7822 0.348452
40.7921 0.312166
40.802 0.277465
40.8119 0.244434
40.8218 0.213156
40.8317 0.183707
40.8416 0.15616
40.8515 0.130583
40.8614 0.107038
40.8713 0.0855823
40.8812 0.0662681
40.8911 0.0491417
40.901 0.0342442
40.9109 0.0216107
40.9208 0.0112706
40.9307 0.00324766
40.9406 -0.00244059
40.9505 -0.00578237
40.9604 -0.00677193
40.9703 -0.00540952
40.9802 -0.00170137
40.9901 0.00434031
41 0.0126974
41.0099 0.0233458
41.0198 0.0362556
41.0297 0.0513911
41.0396 0.0687111
41.0495 0.0881685
41.0594 0.109711
41.0693 0.133281
41.0792 0.158815
41.0891 0.186246
41.099 0.215501
41.1089 0.246501
41.1188 0.279166
41.1287 0.313408
41.1386 0.349138
41.1485 0.386262
41.1584 0.42468
41.1683 0.464292
41.1782 0.504994
41.1881 0.546678
41.198 0.589234
41.2079 0.63255
41.2178 0.676511
41.2277 0.721002
41.2376 0.765904
41.2475 0.811099
41.2574 0.856467
41.2673 0.901887
41.2772 0.947239
41.2871 0.992402
41.297 1.03725
41.3069 1.08168
41.3168 1.12555
41.3267 1.16876
41.3366 1.21118
41.3465 1.2527
41.3564 1.29321
41.3663 1.3326
41.3762 1.37076
41.3861 1.40758
41.396 1.44297
41.4059 1.47682
41.4158 1.50903
41.4257 1.53952
41.4356 1.5682
41.4455 1.59499
41.4554 1.6198
41.4653 1.64257
41.4752 1.66322
41.4851 1.68169
41.495 1.69792
41.505 1.71185
41.5149 1.72344
41.5248 1.73265
41.5347 1.73943
41.5446 1.74376
41.5545 1.74561
41.5644 1.74497
41.5743 1.7418
41.5842 1.73612
41.5941 1.72792
41.604 1.7172
41.6139 1.70397
41.6238 1.68825
41.6337 1.67005
41.6436 1.64942
41.6535 1.62638
41.6634 1.60097
41.6733 1.57324
41.6832 1.54324
41.6931 1.51102
41.703 1.47665
41.7129 1.44019
41.7228 1.40172
41.7327 1.3613
41.7426 1.31903
41.7525 1.27498
41.7624 1.22925
41.7723 1.18193
41.7822 1.13312
41.7921 1.08291
41.802 1.03142
41.8119 0.978745
41.8218 0.925001
41.8317 0.870298
41.8416 0.814752
41.8515 0.758478
41.8614 0.701595
41.8713 0.644223
41.8812 0.586483
41.8911 0.528495
41.901 0.470381
41.9109 0.412265
41.9208 0.354267
41.9307 0.29651
41.9406 0.239114
41.9505 0.182199
41.9604 0.125885
41.9703 0.070287
41.9802 0.0155216
41.9901 -0.0382985
42 -0.0910625
42.0099 -0.142663
42.0198 -0.192994
42.0297 -0.241954
42.0396 -0.289445
42.0495 -0.335372
42.0594 -0.379644
42.0693 -0.422175
42.0792 -0.462882
42.0891 -0.501688
42.099 -0.538519
42.1089 -0.573307
42.1188 -0.60599
42.1287 -0.636509
42.1386 -0.664813
42.1485 -0.690853
42.1584 -0.714589
42.1683 -0.735986
42.1782 -0.755012
42.1881 -0.771645
42.198 -0.785866
42.2079 -0.797663
42.2178 -0.80703
42.2277 -0.813967
42.2376 -0.81848
42.2475 -0.82058
42.2574 -0.820286
42.2673 -0.81762
42.2772 -0.812614
42.2871 -0.805301
42.297 -0.795724
42.3069 -0.783928
42.3168 -0.769966
42.3267 -0.753895
42.3366 -0.735777
42.3465 -0.715681
42.3564 -0.693678
42.3663 -0.669846
42.3762 -0.644267
42.3861 -0.617026
42.396 -0.588214
42.4059 -0.557924
42.4158 -0.526254
42.4257 -0.493305
42.4356 -0.45918
42.4455 -0.423988
42.4554 -0.387836
42.4653 -0.350837
42.4752 -0.313106
42.4851 -0.274757
42.495 -0.235908
42.505 -0.196677
42.5149 -0.157183
42.5248 -0.117548
42.5347 -0.0778898
42.5446 -0.03833
42.5545 0.00101166
42.5644 0.0400158
42.5743 0.0785637
42.5842 0.116538
42.5941 0.153822
42.604 0.190303
42.6139 0.225868
42.6238 0.260406
42.6337 0.293811
42.6436 0.325977
42.6535 0.356804
42.6634 0.386193
42.6733 0.414049
42.6832 0.440282
42.6931 0.464806
42.703 0.487536
42.7129 0.508397
42.7228 0.527313
42.7327 0.544217
42.7426 0.559045
42.7525 0.571738
42.7624 0.582244
42.7723 0.590515
42.7822 0.596509
42.7921 0.600188
42.802 0.601524
42.8119 0.60049
42.8218 0.597069
42.8317 0.591246
42.8416 0.583015
42.8515 0.572374
42.8614 0.559329
42.8713 0.543891
42.8812 0.526077
42.8911 0.505908
42.901 0.483415
42.9109 0.458631
42.9208 0.431598
42.9307 0.402359
42.9406 0.370968
42.9505 0.337481
42.9604 0.301959
42.9703 0.26447
42.9802 0.225086
42.9901 0.183884
43 0.140945
43.0099 0.0963551
43.0198 0.0502038
43.0297 0.00258534
43.0396 -0.0464028
43.0495 -0.0966593
43.0594 -0.14808
43.0693 -0.200558
43.0792 -0.253982
43.0891 -0.30824
43.099 -0.363218
43.1089 -0.418798
43.1188 -0.474863
43.1287 -0.531293
43.1386 -0.587967
43.1485 -0.644764
43.1584 -0.701563
43.1683 -0.75824
43.1782 -0.814674
43.1881 -0.870744
43.198 -0.926329
43.2079 -0.98131
43.2178 -1.03557
43.2277 -1.08899
43.2376 -1.14145
43.2475 -1.19285
43.2574 -1.24306
43.2673 -1.292
43.2772 -1.33954
43.2871 -1.3856
43.297 -1.43006
43.3069 -1.47284
43.3168 -1.51385
43.3267 -1.553
43.3366 -1.59021
43.3465 -1.6254
43.3564 -1.6585
43.3663 -1.68945
43.3762 -1.71817
43.3861 -1.74462
43.396 -1.76874
43.4059 -1.79049
43.4158 -1.80982
43.4257 -1.8267
43.4356 -1.8411
43.4455 -1.853
43.4554 -1.86238
43.4653 -1.86923
43.4752 -1.87355
43.4851 -1.87533
43.495 -1.87459
43.505 -1.87133
43.5149 -1.86557
43.5248 -1.85734
43.5347 -1.84667
43.5446 -1.8336
43.5545 -1.81817
43.5644 -1.80042
43.5743 -1.78041
43.5842 -1.75819
43.5941 -1.73384
43.604 -1.70741
43.6139 -1.67899
43.6238 -1.64864
43.6337 -1.61646
43.6436 -1.58254
43.6535 -1.54695
43.6634 -1.50979
43.6733 -1.47117
43.6832 -1.43119
43.6931 -1.38995
43.703 -1.34756
43.7129 -1.30412
43.7228 -1.25976
43.7327 -1.21459
43.7426 -1.16872
43.7525 -1.12226
43.7624 -1.07535
43.7723 -1.02811
43.7822 -0.980638
43.7921 -0.933072
43.802 -0.88553
43.8119 -0.838133
43.8218 -0.791
43.8317 -0.744251
43.8416 -0.698004
43.8515 -0.652375
43.8614 -0.60748
43.8713 -0.563432
43.8812 -0.520341
43.8911 -0.478315
43.901 -0.43746
43.9109 -0.397877
43.9208 -0.359665
43.9307 -0.32292
43.9406 -0.287733
43.9505 -0.254191
43.9604 -0.222377
43.9703 -0.19237
43.9802 -0.164244
43.9901 -0.138067
44 -0.113905
44.0099 -0.0918145
44.0198 -0.0718508
44.0297 -0.0540617
44.0396 -0.0384896
44.0495 -0.0251716
44.0594 -0.0141388
44.0693 -0.00541658
44.0792 0.000975597
44.0891 0.00502421
44.099 0.0067217
44.1089 0.00606652
44.1188 0.00306309
44.1287 -0.00227817
44.1386 -0.00994089
44.1485 -0.0199028
44.1584 -0.0321357
44.1683 -0.0466057
44.1782 -0.0632732
44.1881 -0.0820928
44.198 -0.103014
44.2079 -0.12598
44.2178 -0.15093
44.2277 -0.177798
44.2376 -0.206512
44.2475 -0.236996
44.2574 -0.269168
44.2673 -0.302946
44.2772 -0.338238
44.2871 -0.374952
44.297 -0.412991
44.3069 -0.452255
44.3168 -0.49264
44.3267 -0.53404
44.3366 -0.576345
44.3465 -0.619445
44.3564 -0.663224
44.3663 -0.707568
44.3762 -0.752359
44.3861 -0.797478
44.396 -0.842807
44.4059 -0.888224
44.4158 -0.933609
44.4257 -0.978841
44.4356 -1.0238
44.4455 -1.06836
44.4554 -1.11242
44.4653 -1.15583
44.4752 -1.1985
44.4851 -1.24031
44.495 -1.28114
44.505 -1.32088
44.5149 -1.35942
44.5248 -1.39665
44.5347 -1.43248
44.5446 -1.4668
44.5545 -1.49952
44.5644 -1.53054
44.5743 -1.55977
44.5842 -1.58714
44.5941 -1.61255
44.604 -1.63594
44.6139 -1.65723
44.6238 -1.67636
44.6337 -1.69327
44.6436 -1.7079
44.6535 -1.7202
44.6634 -1.73013
44.6733 -1.73765
44.6832 -1.74272
44.6931 -1.74532
44.703 -1.74542
44.7129 -1.74302
44.7228 -1.7381
44.7327 -1.73065
44.7426 -1.72069
44.7525 -1.70821
44.7624 -1.69324
44.7723 -1.67579
44.7822 -1.65588
44.7921 -1.63357
44.802 -1.60887
44.8119 -1.58183
44.8218 -1.5525
44.8317 -1.52095
44.8416 -1.48722
44.8515 -1.45138
44.8614 -1.4135
44.8713 -1.37366
44.8812 -1.33194
44.8911 -1.28841
44.901 -1.24318
44.9109 -1.19633
44.9208 -1.14795
44.9307 -1.09816
44.9406 -1.04704
44.9505 -0.99471
44.9604 -0.941276
44.9703 -0.88685
44.9802 -0.831545
44.9901 -0.775478
45 -0.718766
45.0099 -0.661528
45.0198 -0.603886
45.0297 -0.545959
45.0396 -0.487871
45.0495 -0.429743
45.0594 -0.371696
45.0693 -0.313854
45.0792 -0.256337
45.0891 -0.199265
45.099 -0.142757
45.1089 -0.0869317
45.1188 -0.0319039
45.1287 0.0222123
45.1386 0.0753056
45.1485 0.127267
45.1584 0.177991
45.1683 0.227374
45.1782 0.275317
45.1881 0.321724
45.198 0.366504
45.2079 0.409567
45.2178 0.450832
45.2277 0.490217
45.2376 0.52765
45.2475 0.56306
45.2574 0.596382
45.2673 0.627558
45.2772 0.656533
45.2871 0.683259
45.297 0.707693
45.3069 0.729796
45.3168 0.749539
45.3267 0.766894
45.3366 0.781842
45.3465 0.794369
45.3564 0.804468
45.3663 0.812135
45.3762 0.817376
45.3861 0.820201
45.396 0.820625
45.4059 0.81867
45.4158 0.814364
45.4257 0.807742
45.4356 0.798841
45.4455 0.787707
45.4554 0.774391
45.4653 0.758948
45.4752 0.741439
45.4851 0.721931
45.495 0.700494
45.505 0.677204
45.5149 0.652142
45.5248 0.625391
45.5347 0.597042
45.5446 0.567187
45.5545 0.535922
45.5644 0.503346
45.5743 0.469564
45.5842 0.434681
45.5941 0.398807
45.604 0.362051
45.6139 0.324528
45.6238 0.286352
45.6337 0.247641
45.6436 0.208513
45.6535 0.169086
45.6634 0.12948
45.6733 0.0898164
45.6832 0.0502144
45.6931 0.0107945
45.703 -0.0283237
45.7129 -0.0670212
45.7228 -0.10518
45.7327 -0.142684
45.7426 -0.179419
45.7525 -0.215271
45.7624 -0.250129
45.7723 -0.283886
45.7822 -0.316436
45.7921 -0.347676
45.802 -0.377508
45.8119 -0.405835
45.8218 -0.432566
45.8317 -0.457612
45.8416 -0.480891
45.8515 -0.502322
45.8614 -0.52183
45.8713 -0.539347
45.8812 -0.554805
45.8911 -0.568147
45.901 -0.579316
45.9109 -0.588264
45.9208 -0.594947
45.9307 -0.599327
45.9406 -0.60137
45.9505 -0.601052
45.9604 -0.59835
45.9703 -0.593251
45.9802 -0.585744
45.9901 -0.575829
46 -0.563506
46.0099 -0.548787
46.0198 -0.531685
46.0297 -0.512222
46.0396 -0.490425
46.0495 -0.466326
46.0594 -0.439965
46.0693 -0.411385
46.0792 -0.380636
46.0891 -0.347773
46.099 -0.312856
46.1089 -0.275952
46.1188 -0.23713
46.1287 -0.196467
46.1386 -0.154041
46.1485 -0.109939
46.1584 -0.0642475
46.1683 -0.0170603
46.1782 0.0315262
46.1881 0.081412
46.198 0.132494
46.2079 0.184665
46.2178 0.237816
46.2277 0.291835
46.2376 0.346608
46.2475 0.40202
46.2574 0.457952
46.2673 0.514285
46.2772 0.570898
46.2871 0.627671
46.297 0.684482
46.3069 0.741208
46.3168 0.797728
46.3267 0.853921
46.3366 0.909664
46.3465 0.964839
46.3564 1.01933
46.3663 1.07301
46.3762 1.12577
46.3861 1.1775
46.396 1.22809
46.4059 1.27742
46.4158 1.32539
46.4257 1.3719
46.4356 1.41686
46.4455 1.46015
46.4554 1.5017
46.4653 1.54142
46.4752 1.57922
46.4851 1.61503
46.495 1.64877
46.505 1.68037
46.5149 1.70977
46.5248 1.73691
46.5347 1.76173
46.5446 1.7842
46.5545 1.80426
46.5644 1.82188
46.5743 1.83703
46.5842 1.84968
46.5941 1.85982
46.604 1.86744
46.6139 1.87252
46.6238 1.87506
46.6337 1.87508
46.6436 1.87257
46.6535 1.86756
46.6634 1.86008
46.6733 1.85014
46.6832 1.83778
46.6931 1.82306
46.703 1.806
46.7129 1.78666
46.7228 1.7651
46.7327 1.74138
46.7426 1.71557
46.7525 1.68774
46.7624 1.65797
46.7723 1.62633
46.7822 1.59292
46.7921 1.55782
46.802 1.52113
46.8119 1.48294
46.8218 1.44336
46.8317 1.40248
46.8416 1.36043
46.8515 1.31729
46.8614 1.2732
46.8713 1.22826
46.8812 1.18258
46.8911 1.13629
46.901 1.08951
46.9109 1.04235
46.9208 0.994934
46.9307 0.947386
46.9406 0.899824
46.9505 0.852371
46.9604 0.805145
46.9703 0.758268
46.9802 0.711858
46.9901 0.666031
47 0.620903
47.0099 0.576589
47.0198 0.533198
47.0297 0.490841
47.0396 0.449622
47.0495 0.409646
47.0594 0.371012
47.0693 0.333816
47.0792 0.29815
47.0891 0.264104
47.099 0.231762
47.1089 0.201204
47.1188 0.172504
47.1287 0.145734
47.1386 0.120959
47.1485 0.0982392
47.1584 0.0776305
47.1683 0.0591823
47.1782 0.0429391
47.1881 0.0289394
47.198 0.0172161
47.2079 0.00779645
47.2178 0.000701566
47.2277 -0.00405319
47.2376 -0.00645848
47.2475 -0.00651092
47.2574 -0.00421316
47.2673 0.000426198
47.2772 0.00739257
47.2871 0.0166654
47.297 0.0282184
47.3069 0.0420193
47.3168 0.0580301
47.3267 0.0762073
47.3366 0.0965018
47.3465 0.118859
47.3564 0.143219
47.3663 0.169517
47.3762 0.197683
47.3861 0.227643
47.396 0.259316
47.4059 0.29262
47.4158 0.327466
47.4257 0.363762
47.4356 0.401413
47.4455 0.440319
47.4554 0.480378
47.4653 0.521484
47.4752 0.563529
47.4851 0.606401
47.495 0.649988
47.505 0.694174
47.5149 0.738843
47.5248 0.783876
47.5347 0.829154
47.5446 0.874558
47.5545 0.919965
47.5644 0.965256
47.5743 1.01031
47.5842 1.05501
47.5941 1.09922
47.604 1.14284
47.6139 1.18575
47.6238 1.22783
47.6337 1.26896
47.6436 1.30904
47.6535 1.34795
47.6634 1.38559
47.6733 1.42185
47.6832 1.45664
47.6931 1.48985
47.703 1.52139
47.7129 1.55117
47.7228 1.5791
47.7327 1.60511
47.7426 1.62912
47.7525 1.65105
47.7624 1.67084
47.7723 1.68842
47.7822 1.70374
47.7921 1.71675
47.802 1.7274
47.8119 1.73564
47.8218 1.74145
47.8317 1.7448
47.8416 1.74566
47.8515 1.74401
47.8614 1.73984
47.8713 1.73316
47.8812 1.72395
47.8911 1.71223
47.901 1.698
47.9109 1.6813
47.9208 1.66213
47.9307 1.64053
47.9406 1.61654
47.9505 1.59021
47.9604 1.56156
47.9703 1.53067
47.9802 1.49759
47.9901 1.46238
48 1.42511
48.0099 1.38585
48.0198 1.34468
48.0297 1.30169
48.0396 1.25696
48.0495 1.21059
48.0594 1.16266
48.0693 1.11328
48.0792 1.06255
48.0891 1.01058
48.099 0.957462
48.1089 0.903322
48.1188 0.848269
48.1287 0.792419
48.1386 0.735889
48.1485 0.678797
48.1584 0.621263
48.1683 0.56341
48.1782 0.505357
48.1881 0.447228
48.198 0.389144
48.2079 0.331228
48.2178 0.2736
48.2277 0.216381
48.2376 0.159692
48.2475 0.103649
48.2574 0.0483687
48.2673 -0.00603358
48.2772 -0.0594462
48.2871 -0.111759
48.297 -0.162867
48.3069 -0.212664
48.3168 -0.26105
48.3267 -0.307929
48.3366 -0.353208
48.3465 -0.396797
48.3564 -0.438611
48.3663 -0.47857
48.3762 -0.516597
48.3861 -0.552623
48.396 -0.58658
48.4059 -0.618408
48.4158 -0.64805
48.4257 -0.675458
48.4356 -0.700585
48.4455 -0.723393
48.4554 -0.743849
48.4653 -0.761925
48.4752 -0.777599
48.4851 -0.790855
48.495 -0.801685
48.505 -0.810084
48.5149 -0.816054
48.5248 -0.819604
48.5347 -0.820749
48.5446 -0.819507
48.5545 -0.815905
48.5644 -0.809976
48.5743 -0.801756
48.5842 -0.791289
48.5941 -0.778624
48.604 -0.763814
48.6139 -0.74692
48.6238 -0.728006
48.6337 -0.707142
48.6436 -0.684401
48.6535 -0.659863
48.6634 -0.633612
48.6733 -0.605734
48.6832 -0.576322
48.6931 -0.54547
48.703 -0.513278
48.7129 -0.479848
48.7228 -0.445286
48.7327 -0.409698
48.7426 -0.373195
48.7525 -0.335891
48.7624 -0.297899
48.7723 -0.259337
48.7822 -0.220322
48.7921 -0.180972
48.802 -0.141408
48.8119 -0.101749
48.8218 -0.0621153
48.8317 -0.022628
48.8416 0.0165935
48.8515 0.05543
48.8614 0.0937634
48.8713 0.131477
48.8812 0.168455
48.8911 0.204584
48.901 0.239753
48.9109 0.273852
48.9208 0.306776
48.9307 0.338421
48.9406 0.368687
48.9505 0.397476
48.9604 0.424697
48.9703 0.450259
48.9802 0.474078
48.9901 0.496073
49 0.516167
49.0099 0.53429
49.0198 0.550375
49.0297 0.564359
49.0396 0.576187
49.0495 0.585809
49.0594 0.593177
49.0693 0.598253
49.0792 0.601003
49.0891 0.601397
49.099 0.599415
49.1089 0.595038
49.1188 0.588256
49.1287 0.579065
49.1386 0.567466
49.1485 0.553467
49.1584 0.537079
49.1683 0.518324
49.1782 0.497226
49.1881 0.473816
49.198 0.448131
49.2079 0.420214
49.2178 0.390112
49.2277 0.357878
49.2376 0.323573
49.2475 0.28726
49.2574 0.249007
49.2673 0.20889
49.2772 0.166986
49.2871 0.123379
49.297 0.0781557
49.3069 0.0314086
49.3168 -0.0167673
49.3267 -0.0662729
49.3366 -0.117006
49.3465 -0.16886
49.3564 -0.221728
49.3663 -0.275498
49.3762 -0.330057
49.3861 -0.385289
49.396 -0.441077
49.4059 -0.497301
49.4158 -0.553843
49.4257 -0.610581
49.4356 -0.667393
49.4455 -0.724157
49.4554 -0.780753
49.4653 -0.837056
49.4752 -0.892948
49.4851 -0.948306
49.495 -1.00301
49.505 -1.05695
49.5149 -1.11
49.5248 -1.16205
49.5347 -1.21299
49.5446 -1.26271
49.5545 -1.31111
49.5644 -1.35807
49.5743 -1.4035
49.5842 -1.44731
49.5941 -1.48939
49.604 -1.52967
49.6139 -1.56806
49.6238 -1.60447
49.6337 -1.63884
49.6436 -1.67109
49.6535 -1.70116
49.6634 -1.72898
49.6733 -1.75451
49.6832 -1.77769
49.6931 -1.79848
49.703 -1.81684
49.7129 -1.83273
49.7228 -1.84614
49.7327 -1.85704
49.7426 -1.86541
49.7525 -1.87126
49.7624 -1.87456
49.7723 -1.87534
49.7822 -1.87359
49.7921 -1.86933
49.802 -1.86259
49.8119 -1.85338
49.8218 -1.84175
49.8317 -1.82773
49.8416 -1.81137
49.8515 -1.79271
49.8614 -1.77182
49.8713 -1.74874
49.8812 -1.72356
49.8911 -1.69633
49.901 -1.66713
49.9109 -1.63604
49.9208 -1.60316
49.9307 -1.56855
49.9406 -1.53233
49.9505 -1.49458
49.9604 -1.45541
49.9703 -1.41491
49.9802 -1.3732
49.9901 -1.33038
50 -1.28656
50.0099 -1.24186
50.0198 -1.19639
50.0297 -1.15028
50.0396 -1.10363
50.0495 -1.05657
50.0594 -1.00922
50.0693 -0.961698
50.0792 -0.914128
50.0891 -0.866629
50.099 -0.819322
50.1089 -0.772328
50.1188 -0.725765
50.1287 -0.67975
50.1386 -0.6344
50.1485 -0.589829
50.1584 -0.546149
50.1683 -0.503469
50.1782 -0.461897
50.1881 -0.421536
50.198 -0.382488
50.2079 -0.344849
50.2178 -0.308714
50.2277 -0.274172
50.2376 -0.241309
50.2475 -0.210205
50.2574 -0.180939
50.2673 -0.153581
50.2772 -0.128199
50.2871 -0.104855
50.297 -0.0836057
50.3069 -0.0645026
50.3168 -0.0475917
50.3267 -0.0329133
50.3366 -0.020502
50.3465 -0.0103868
50.3564 -0.00259059
50.3663 0.00286947
50.3762 0.00598224
50.3861 0.00674255
50.396 0.00515124
50.4059 0.0012151
50.4158 -0.00505305
50.4257 -0.0136345
50.4356 -0.0245046
50.4455 -0.0376329
50.4554 -0.0529832
50.4653 -0.0705135
50.4752 -0.0901765
50.4851 -0.111919
50.495 -0.135683
50.505 -0.161405
50.5149 -0.189017
50.5248 -0.218445
50.5347 -0.249612
50.5446 -0.282434
50.5545 -0.316826
50.5644 -0.352695
50.5743 -0.389949
50.5842 -0.428488
50.5941 -0.468211
50.604 -0.509013
50.6139 -0.550787
50.6238 -0.593422
50.6337 -0.636806
50.6436 -0.680824
50.6535 -0.72536
50.6634 -0.770296
50.6733 -0.815514
50.6832 -0.860892
50.6931 -0.906311
50.703 -0.951649
50.7129 -0.996787
50.7228 -1.0416
50.7327 -1.08598
50.7426 -1.12979
50.7525 -1.17293
50.7624 -1.21526
50.7723 -1.25669
50.7822 -1.2971
50.7921 -1.33638
50.802 -1.37441
50.8119 -1.4111
50.8218 -1.44633
50.8317 -1.48003
50.8416 -1.51208
50.8515 -1.5424
50.8614 -1.5709
50.8713 -1.5975
50.8812 -1.62211
50.8911 -1.64468
50.901 -1.66512
50.9109 -1.68337
50.9208 -1.69937
50.9307 -1.71308
50.9406 -1.72444
50.9505 -1.73342
50.9604 -1.73996
50.9703 -1.74405
50.9802 -1.74566
50.9901 -1.74477
51 -1.74136
51.0099 -1.73543
51.0198 -1.72699
51.0297 -1.71602
51.0396 -1.70254
51.0495 -1.68658
51.0594 -1.66815
51.0693 -1.64728
51.0792 -1.62401
51.0891 -1.59837
51.099 -1.57042
51.1089 -1.5402
51.1188 -1.50777
51.1287 -1.47319
51.1386 -1.43653
51.1485 -1.39786
51.1584 -1.35726
51.1683 -1.31481
51.1782 -1.2706
51.1881 -1.22471
51.198 -1.17724
51.2079 -1.12829
51.2178 -1.07795
51.2277 -1.02634
51.2376 -0.973554
51.2475 -0.919712
51.2574 -0.864922
51.2673 -0.809299
51.2772 -0.752961
51.2871 -0.696025
51.297 -0.638612
51.3069 -0.580842
51.3168 -0.522836
51.3267 -0.464717
51.3366 -0.406607
51.3465 -0.348627
51.3564 -0.2909
51.3663 -0.233546
51.3762 -0.176684
51.3861 -0.120435
51.396 -0.064913
51.4059 -0.0102348
51.4158 0.0434872
51.4257 0.0961426
51.4356 0.147624
51.4455 0.197826
51.4554 0.246647
51.4653 0.29399
51.4752 0.339759
51.4851 0.383866
51.495 0.426222
51.505 0.466748
51.5149 0.505364
51.5248 0.541999
51.5347 0.576585
51.5446 0.609059
51.5545 0.639365
51.5644 0.66745
51.5743 0.693268
51.5842 0.716777
51.5941 0.737944
51.604 0.756738
51.6139 0.773137
51.6238 0.787122
51.6337 0.798683
51.6436 0.807813
51.6535 0.814513
51.6634 0.81879
51.6733 0.820656
51.6832 0.82013
51.6931 0.817235
51.703 0.812002
51.7129 0.804467
51.7228 0.794671
51.7327 0.782662
51.7426 0.768492
51.7525 0.752218
51.7624 0.733905
51.7723 0.71362
51.7822 0.691435
51.7921 0.66743
51.802 0.641685
51.8119 0.614287
51.8218 0.585326
51.8317 0.554898
51.8416 0.523099
51.8515 0.49003
51.8614 0.455797
51.8713 0.420506
51.8812 0.384267
51.8911 0.347192
51.901 0.309395
51.9109 0.270992
51.9208 0.2321
51.9307 0.192839
51.9406 0.153326
51.9505 0.113683
51.9604 0.0740294
51.9703 0.0344856
51.9802 -0.00482843
51.9901 -0.0437933
52 -0.0822904
52.0099 -0.120203
52.0198 -0.157414
52.0297 -0.19381
52.0396 -0.229279
52.0495 -0.263712
52.0594 -0.297
52.0693 -0.329041
52.0792 -0.359732
52.0891 -0.388975
52.099 -0.416678
52.1089 -0.442748
52.1188 -0.4671
52.1287 -0.489652
52.1386 -0.510326
52.1485 -0.529049
52.1584 -0.545754
52.1683 -0.560376
52.1782 -0.572859
52.1881 -0.583149
52.198 -0.5912
52.2079 -0.596969
52.2178 -0.600422
52.2277 -0.601528
52.2376 -0.600262
52.2475 -0.596607
52.2574 -0.59055
52.2673 -0.582084
52.2772 -0.571209
52.2871 -0.55793
52.297 -0.54226
52.3069 -0.524215
52.3168 -0.503819
52.3267 -0.481101
52.3366 -0.456096
52.3465 -0.428845
52.3564 -0.399395
52.3663 -0.367797
52.3762 -0.334108
52.3861 -0.298392
52.396 -0.260715
52.4059 -0.221151
52.4158 -0.179776
52.4257 -0.136672
52.4356 -0.0919259
52.4455 -0.0456275
52.4554 0.00212875
52.4653 0.0512449
52.4752 0.10162
52.4851 0.153148
52.495 0.205723
52.505 0.259233
52.5149 0.313566
52.5248 0.368608
52.5347 0.424241
52.5446 0.480347
52.5545 0.536806
52.5644 0.593497
52.5743 0.6503
52.5842 0.707092
52.5941 0.763751
52.604 0.820155
52.6139 0.876183
52.6238 0.931714
52.6337 0.98663
52.6436 1.04081
52.6535 1.09414
52.6634 1.14651
52.6733 1.19779
52.6832 1.24789
52.6931 1.29669
52.703 1.3441
52.7129 1.39
52.7228 1.4343
52.7327 1.47692
52.7426 1.51775
52.7525 1.55671
52.7624 1.59373
52.7723 1.62872
52.7822 1.66161
52.7921 1.69235
52.802 1.72085
52.8119 1.74707
52.8218 1.77096
52.8317 1.79248
52.8416 1.81157
52.8515 1.82821
52.8614 1.84237
52.8713 1.85402
52.8812 1.86316
52.8911 1.86976
52.901 1.87383
52.9109 1.87537
52.9208 1.87438
52.9307 1.87087
52.9406 1.86488
52.9505 1.85641
52.9604 1.8455
52.9703 1.8322
52.9802 1.81654
52.9901 1.79857
53 1.77834
53.0099 1.75591
53.0198 1.73135
53.0297 1.70473
53.0396 1.67611
53.0495 1.64559
53.0594 1.61323
53.0693 1.57914
53.0792 1.54339
53.0891 1.50609
53.099 1.46734
53.1089 1.42723
53.1188 1.38587
53.1287 1.34337
53.1386 1.29984
53.1485 1.25539
53.1584 1.21015
53.1683 1.16421
53.1782 1.11771
53.1881 1.07076
53.198 1.02349
53.2079 0.976006
53.2178 0.928437
53.2277 0.880904
53.2376 0.833527
53.2475 0.786427
53.2574 0.739721
53.2673 0.693529
53.2772 0.647967
53.2871 0.60315
53.297 0.55919
53.3069 0.516198
53.3168 0.474282
53.3267 0.433546
53.3366 0.394092
53.3465 0.356019
53.3564 0.319422
53.3663 0.284392
53.3762 0.251014
53.3861 0.219373
53.396 0.189546
53.4059 0.161607
53.4158 0.135624
53.4257 0.11166
53.4356 0.0897752
53.4455 0.0700214
53.4554 0.0524464
53.4653 0.0370924
53.4752 0.0239958
53.4851 0.0131871
53.495 0.00469111
53.505 -0.00147324
53.5149 -0.00529303
53.5248 -0.00676129
53.5347 -0.00587703
53.5446 -0.00264528
53.5545 0.00292297
53.5644 0.0108108
53.5743 0.0209952
53.5842 0.0334477
53.5941 0.0481336
53.604 0.0650128
53.6139 0.0840395
53.6238 0.105162
53.6337 0.128325
53.6436 0.153465
53.6535 0.180516
53.6634 0.209405
53.6733 0.240057
53.6832 0.27239
53.6931 0.306319
53.703 0.341754
53.7129 0.378601
53.7228 0.416764
53.7327 0.456142
53.7426 0.496631
53.7525 0.538124
53.7624 0.580511
53.7723 0.623682
53.7822 0.667521
53.7921 0.711914
53.802 0.756742
53.8119 0.801887
53.8218 0.84723
53.8317 0.892649
53.8416 0.938024
53.8515 0.983235
53.8614 1.02816
53.8713 1.07268
53.8812 1.11667
53.8911 1.16003
53.901 1.20262
53.9109 1.24433
53.9208 1.28506
53.9307 1.32469
53.9406 1.3631
53.9505 1.40021
53.9604 1.43589
53.9703 1.47006
53.9802 1.50261
53.9901 1.53346
54 1.56252
54.0099 1.5897
54.0198 1.61492
54.0297 1.63811
54.0396 1.65919
54.0495 1.67811
54.0594 1.6948
54.0693 1.7092
54.0792 1.72128
54.0891 1.73097
54.099 1.73825
54.1089 1.74308
54.1188 1.74544
54.1287 1.7453
54.1386 1.74265
54.1485 1.73748
54.1584 1.72979
54.1683 1.71958
54.1782 1.70686
54.1881 1.69165
54.198 1.67395
54.2079 1.65382
54.2178 1.63126
54.2277 1.60633
54.2376 1.57907
54.2475 1.54953
54.2574 1.51776
54.2673 1.48382
54.2772 1.44778
54.2871 1.4097
54.297 1.36968
54.3069 1.32777
54.3168 1.28408
54.3267 1.23869
54.3366 1.19168
54.3465 1.14316
54.3564 1.09323
54.3663 1.04199
54.3762 0.989551
54.3861 0.936016
54.396 0.881498
54.4059 0.826114
54.4158 0.769979
54.4257 0.713211
54.4356 0.655928
54.4455 0.598253
54.4554 0.540305
54.4653 0.482208
54.4752 0.424082
54.4851 0.36605
54.495 0.308234
54.505 0.250755
54.5149 0.193733
54.5248 0.137286
54.5347 0.0815336
54.5446 0.0265897
54.5545 -0.0274317
54.5644 -0.0804195
54.5743 -0.132265
54.5842 -0.182863
54.5941 -0.23211
54.604 -0.279907
54.6139 -0.32616
54.6238 -0.370776
54.6337 -0.413668
54.6436 -0.454753
54.6535 -0.493951
54.6634 -0.53119
54.6733 -0.566399
54.6832 -0.599515
54.6931 -0.630479
54.703 -0.659237
54.7129 -0.685741
54.7228 -0.709949
54.7327 -0.731824
54.7426 -0.751335
54.7525 -0.768456
54.7624 -0.783169
54.7723 -0.79546
54.7822 -0.805322
54.7921 -0.812753
54.802 -0.817758
54.8119 -0.820347
54.8218 -0.820539
54.8317 -0.818353
54.8416 -0.813821
54.8515 -0.806974
54.8614 -0.797854
54.8713 -0.786505
54.8812 -0.772979
54.8911 -0.757332
54.901 -0.739625
54.9109 -0.719926
54.9208 -0.698305
54.9307 -0.674839
54.9406 -0.649608
54.9505 -0.622698
54.9604 -0.594198
54.9703 -0.564201
54.9802 -0.532804
54.9901 -0.500106
55 -0.466212
55.0099 -0.431228
55.0198 -0.395263
55.0297 -0.358427
55.0396 -0.320835
55.0495 -0.282602
55.0594 -0.243846
55.0693 -0.204683
55.0792 -0.165233
55.0891 -0.125617
55.099 -0.0859535
55.1089 -0.046364
55.1188 -0.00696822
55.1287 0.0321142
55.1386 0.0707645
55.1485 0.108865
55.1584 0.146299
55.1683 0.182952
55.1782 0.218712
55.1881 0.253468
55.198 0.287112
55.2079 0.319539
55.2178 0.350646
55.2277 0.380335
55.2376 0.408511
55.2475 0.435081
55.2574 0.459959
55.2673 0.483061
55.2772 0.504308
55.2871 0.523626
55.297 0.540944
55.3069 0.556199
55.3168 0.569331
55.3267 0.580286
55.3366 0.589016
55.3465 0.595476
55.3564 0.599629
55.3663 0.601444
55.3762 0.600894
55.3861 0.597959
55.396 0.592625
55.4059 0.584884
55.4158 0.574734
55.4257 0.562177
55.4356 0.547225
55.4455 0.529892
55.4554 0.510201
55.4653 0.488178
55.4752 0.463857
55.4851 0.437277
55.495 0.408484
55.505 0.377526
55.5149 0.34446
55.5248 0.309347
55.5347 0.272253
55.5446 0.233248
55.5545 0.192409
55.5644 0.149817
55.5743 0.105556
55.5842 0.0597145
55.5941 0.0123867
55.604 -0.0363309
55.6139 -0.0863378
55.6238 -0.13753
55.6337 -0.189802
55.6436 -0.243042
55.6535 -0.29714
55.6634 -0.351981
55.6733 -0.407448
55.6832 -0.463424
55.6931 -0.51979
55.703 -0.576424
55.7129 -0.633206
55.7228 -0.690014
55.7327 -0.746726
55.7426 -0.803219
55.7525 -0.859373
55.7624 -0.915067
55.7723 -0.97018
55.7822 -1.02459
55.7921 -1.07819
55.802 -1.13086
55.8119 -1.18248
55.8218 -1.23295
55.8317 -1.28215
55.8416 -1.32999
55.8515 -1.37635
55.8614 -1.42115
55.8713 -1.46428
55.8812 -1.50566
55.8911 -1.54519
55.901 -1.5828
55.9109 -1.61841
55.9208 -1.65194
55.9307 -1.68333
55.9406 -1.71251
55.9505 -1.73943
55.9604 -1.76402
55.9703 -1.78626
55.9802 -1.80608
55.9901 -1.82346
56 -1.83837
56.0099 -1.85078
56.0198 -1.86068
56.0297 -1.86804
56.0396 -1.87288
56.0495 -1.87517
56.0594 -1.87494
56.0693 -1.87219
56.0792 -1.86694
56.0891 -1.85921
56.099 -1.84904
56.1089 -1.83645
56.1188 -1.8215
56.1287 -1.80421
56.1386 -1.78466
56.1485 -1.76289
56.1584 -1.73896
56.1683 -1.71295
56.1782 -1.68493
56.1881 -1.65497
56.198 -1.62316
56.2079 -1.58958
56.2178 -1.55432
56.2277 -1.51747
56.2376 -1.47914
56.2475 -1.43943
56.2574 -1.39844
56.2673 -1.35627
56.2772 -1.31304
56.2871 -1.26886
56.297 -1.22384
56.3069 -1.1781
56.3168 -1.13176
56.3267 -1.08493
56.3366 -1.03774
56.3465 -0.990306
56.3564 -0.942751
56.3663 -0.895194
56.3762 -0.847758
56.3861 -0.800561
56.396 -0.753724
56.4059 -0.707365
56.4158 -0.661602
56.4257 -0.616548
56.4356 -0.572319
56.4455 -0.529024
56.4554 -0.486773
56.4653 -0.445671
56.4752 -0.405821
56.4851 -0.367323
56.495 -0.330272
56.505 -0.294761
56.5149 -0.260877
56.5248 -0.228705
56.5347 -0.198325
56.5446 -0.16981
56.5545 -0.143231
56.5644 -0.118654
56.5743 -0.0961377
56.5842 -0.0757374
56.5941 -0.0575022
56.604 -0.0414759
56.6139 -0.0276967
56.6238 -0.0161967
56.6337 -0.00700271
56.6436 -0.000135245
56.6535 0.00439093
56.6634 0.00656704
56.6733 0.0063903
56.6832 0.00386393
56.6931 -0.00100288
56.703 -0.00819495
56.7129 -0.0176912
56.7228 -0.0294647
56.7327 -0.0434826
56.7426 -0.0597065
56.7525 -0.0780923
56.7624 -0.0985902
56.7723 -0.121145
56.7822 -0.145697
56.7921 -0.17218
56.802 -0.200525
56.8119 -0.230655
56.8218 -0.262491
56.8317 -0.295949
56.8416 -0.33094
56.8515 -0.367373
56.8614 -0.40515
56.8713 -0.444173
56.8812 -0.484339
56.8911 -0.525541
56.901 -0.567671
56.9109 -0.610618
56.9208 -0.654268
56.9307 -0.698507
56.9406 -0.743216
56.9505 -0.788279
56.9604 -0.833574
56.9703 -0.878983
56.9802 -0.924385
56.9901 -0.969658
57 -1.01468
57.0099 -1.05934
57.0198 -1.1035
57.0297 -1.14706
57.0396 -1.18989
57.0495 -1.23188
57.0594 -1.27292
57.0693 -1.31289
57.0792 -1.35168
57.0891 -1.38919
57.099 -1.42531
57.1089 -1.45994
57.1188 -1.493
57.1287 -1.52437
57.1386 -1.55397
57.1485 -1.58172
57.1584 -1.60754
57.1683 -1.63135
57.1782 -1.65307
57.1881 -1.67265
57.198 -1.69002
57.2079 -1.70511
57.2178 -1.71789
57.2277 -1.72831
57.2376 -1.73632
57.2475 -1.74189
57.2574 -1.74499
57.2673 -1.74561
57.2772 -1.74371
57.2871 -1.7393
57.297 -1.73237
57.3069 -1.72292
57.3168 -1.71095
57.3267 -1.69648
57.3366 -1.67954
57.3465 -1.66013
57.3564 -1.6383
57.3663 -1.61408
57.3762 -1.58752
57.3861 -1.55865
57.396 -1.52754
57.4059 -1.49425
57.4158 -1.45884
57.4257 -1.42137
57.4356 -1.38192
57.4455 -1.34057
57.4554 -1.29741
57.4653 -1.25252
57.4752 -1.20599
57.4851 -1.15791
57.495 -1.1084
57.505 -1.05754
57.5149 -1.00545
57.5248 -0.952231
57.5347 -0.897997
57.5446 -0.842861
57.5545 -0.78694
57.5644 -0.730349
57.5743 -0.673209
57.5842 -0.615639
57.5941 -0.557761
57.604 -0.499695
57.6139 -0.441565
57.6238 -0.383492
57.6337 -0.325599
57.6436 -0.268005
57.6535 -0.210833
57.6634 -0.154201
57.6733 -0.0982275
57.6832 -0.0430281
57.6931 0.0112827
57.703 0.0645929
57.7129 0.116793
57.7228 0.167777
57.7327 0.217441
57.7426 0.265685
57.7525 0.312413
57.7624 0.35753
57.7723 0.40095
57.7822 0.442587
57.7921 0.482361
57.802 0.520196
57.8119 0.556023
57.8218 0.589775
57.8317 0.621393
57.8416 0.65082
57.8515 0.678007
57.8614 0.70291
57.8713 0.72549
57.8812 0.745715
57.8911 0.763558
57.901 0.778997
57.9109 0.792017
57.9208 0.80261
57.9307 0.810772
57.9406 0.816506
57.9505 0.819821
57.9604 0.820732
57.9703 0.819259
57.9802 0.815429
57.9901 0.809275
58 0.800834
58.0099 0.790151
58.0198 0.777274
58.0297 0.762259
58.0396 0.745165
58.0495 0.726058
58.0594 0.705007
58.0693 0.682088
58.0792 0.65738
58.0891 0.630966
58.099 0.602934
58.1089 0.573378
58.1188 0.542391
58.1287 0.510074
58.1386 0.476529
58.1485 0.441862
58.1584 0.40618
58.1683 0.369594
58.1782 0.332218
58.1881 0.294166
58.198 0.255554
58.2079 0.216501
58.2178 0.177125
58.2277 0.137546
58.2376 0.0978842
58.2475 0.0582599
58.2574 0.0187932
58.2673 -0.020396
58.2772 -0.0591887
58.2871 -0.0974668
58.297 -0.135114
58.3069 -0.172014
58.3168 -0.208054
58.3267 -0.243124
58.3366 -0.277113
58.3465 -0.309917
58.3564 -0.341432
58.3663 -0.371558
58.3762 -0.400199
58.3861 -0.427262
58.396 -0.452658
58.4059 -0.476302
58.4158 -0.498115
58.4257 -0.518021
58.4356 -0.535948
58.4455 -0.55183
58.4554 -0.565607
58.4653 -0.577223
58.4752 -0.586626
58.4851 -0.593773
58.495 -0.598624
58.505 -0.601145
58.5149 -0.601309
58.5248 -0.599094
58.5347 -0.594483
58.5446 -0.587467
58.5545 -0.578041
58.5644 -0.566208
58.5743 -0.551975
58.5842 -0.535356
58.5941 -0.516371
58.604 -0.495047
58.6139 -0.471413
58.6238 -0.445509
58.6337 -0.417376
58.6436 -0.387064
58.6535 -0.354626
58.6634 -0.320122
58.6733 -0.283617
58.6832 -0.245179
58.6931 -0.204884
58.703 -0.162811
58.7129 -0.119042
58.7228 -0.0736668
58.7327 -0.0267763
58.7426 0.0215336
58.7525 0.0711633
58.7624 0.12201
58.7723 0.173968
58.7822 0.226929
58.7921 0.280781
58.802 0.33541
58.8119 0.390701
58.8218 0.446537
58.8317 0.502798
58.8416 0.559364
58.8515 0.616114
58.8614 0.672927
58.8713 0.729681
58.8812 0.786253
58.8911 0.842522
58.901 0.898366
58.9109 0.953667
58.9208 1.0083
58.9307 1.06216
58.9406 1.11512
58.9505 1.16707
58.9604 1.21789
58.9703 1.26749
58.9802 1.31575
58.9901 1.36256
59 1.40784
59.0099 1.45148
59.0198 1.4934
59.0297 1.5335
59.0396 1.57169
59.0495 1.60791
59.0594 1.64208
59.0693 1.67412
59.0792 1.70397
59.0891 1.73157
59.099 1.75687
59.1089 1.77982
59.1188 1.80037
59.1287 1.81849
59.1386 1.83415
59.1485 1.84731
59.1584 1.85797
59.1683 1.86609
59.1782 1.87169
59.1881 1.87475
59.198 1.87528
59.2079 1.87328
59.2178 1.86878
59.2277 1.8618
59.2376 1.85236
59.2475 1.84049
59.2574 1.82624
59.2673 1.80965
59.2772 1.79078
59.2871 1.76966
59.297 1.74638
59.3069 1.72099
59.3168 1.69357
59.3267 1.66418
59.3366 1.63292
59.3465 1.59986
59.3564 1.5651
59.3663 1.52872
59.3762 1.49083
59.3861 1.45152
59.396 1.4109
59.4059 1.36907
59.4158 1.32615
59.4257 1.28224
59.4356 1.23746
59.4455 1.19193
59.4554 1.14575
59.4653 1.09906
59.4752 1.05197
59.4851 1.00459
59.495 0.957064
59.505 0.909495
59.5149 0.862009
59.5248 0.814728
59.5347 0.767771
59.5446 0.721256
59.5545 0.675301
59.5644 0.630022
59.5743 0.585532
59.5842 0.541945
59.5941 0.499369
59.604 0.45791
59.6139 0.417673
59.6238 0.378758
59.6337 0.341261
59.6436 0.305277
59.6535 0.270895
59.6634 0.2382
59.6733 0.207272
59.6832 0.178188
59.6931 0.15102
59.703 0.125834
59.7129 0.102692
59.7228 0.0816494
59.7327 0.062758
59.7426 0.0460629
59.7525 0.0316039
59.7624 0.0194152
59.7723 0.00952495
59.7822 0.0019557
59.7921 -0.00327607
59.802 -0.00615978
59.8119 -0.00669085
59.8218 -0.00487069
59.8317 -0.0007067
59.8416 0.00578775
59.8515 0.0145933
59.8614 0.0256849
59.8713 0.0390314
59.8812 0.054596
59.8911 0.0723363
59.901 0.0922043
59.9109 0.114147
59.9208 0.138104
59.9307 0.164014
59.9406 0.191806
59.9505 0.221407
59.9604 0.252738
59.9703 0.285717
59.9802 0.320257
59.9901 0.356266
60 0.393649
60.0099 0.432308
60.0198 0.472141
60.0297 0.513042
60.0396 0.554905
60.0495 0.597618
60.0594 0.641069
60.0693 0.685142
60.0792 0.729723
60.0891 0.774691
60.099 0.819929
60.1089 0.865317
60.1188 0.910733
60.1287 0.956058
60.1386 1.00117
60.1485 1.04595
60.1584 1.09027
60.1683 1.13402
60.1782 1.17709
60.1881 1.21934
60.198 1.26068
60.2079 1.30098
60.2178 1.34014
60.2277 1.37804
60.2376 1.41459
60.2475 1.44969
60.2574 1.48322
60.2673 1.51511
60.2772 1.54526
60.2871 1.57357
60.297 1.59998
60.3069 1.6244
60.3168 1.64676
60.3267 1.66699
60.3366 1.68503
60.3465 1.70081
60.3564 1.71429
60.3663 1.72542
60.3762 1.73416
60.3861 1.74047
60.396 1.74432
60.4059 1.74568
60.4158 1.74455
60.4257 1.7409
60.4356 1.73472
60.4455 1.72603
60.4554 1.71482
60.4653 1.7011
60.4752 1.68489
60.4851 1.66623
60.495 1.64512
60.505 1.62162
60.5149 1.59575
60.5248 1.56757
60.5347 1.53714
60.5446 1.50449
60.5545 1.46971
60.5644 1.43285
60.5743 1.39399
60.5842 1.35321
60.5941 1.31058
60.604 1.2662
60.6139 1.22015
60.6238 1.17253
60.6337 1.12344
60.6436 1.07298
60.6535 1.02124
60.6634 0.968354
60.6733 0.914414
60.6832 0.859537
60.6931 0.80384
60.703 0.747438
60.7129 0.690451
60.7228 0.632998
60.7327 0.575199
60.7426 0.517177
60.7525 0.459054
60.7624 0.400951
60.7723 0.34299
60.7822 0.285294
60.7921 0.227982
60.802 0.171175
60.8119 0.114991
60.8218 0.059547
60.8317 0.00495701
60.8416 -0.0486659
60.8515 -0.101212
60.8614 -0.152573
60.8713 -0.202644
60.8812 -0.251326
60.8911 -0.298519
60.901 -0.344131
60.9109 -0.388071
60.9208 -0.430252
60.9307 -0.470595
60.9406 -0.509021
60.9505 -0.54546
60.9604 -0.579843
60.9703 -0.612108
60.9802 -0.6422
60.9901 -0.670066
61 -0.69566
61.0099 -0.718943
61.0198 -0.73988
61.0297 -0.758441
61.0396 -0.774606
61.0495 -0.788355
61.0594 -0.799679
61.0693 -0.808572
61.0792 -0.815036
61.0891 -0.819078
61.099 -0.82071
61.1089 -0.819952
61.1188 -0.816828
61.1287 -0.811369
61.1386 -0.803612
61.1485 -0.793598
61.1584 -0.781376
61.1683 -0.766998
61.1782 -0.750523
61.1881 -0.732014
61.198 -0.711541
61.2079 -0.689175
61.2178 -0.664997
61.2277 -0.639087
61.2376 -0.611533
61.2475 -0.582425
61.2574 -0.551858
61.2673 -0.519931
61.2772 -0.486744
61.2871 -0.452403
61.297 -0.417015
61.3069 -0.38069
61.3168 -0.343539
61.3267 -0.305678
61.3366 -0.267222
61.3465 -0.22829
61.3564 -0.188998
61.3663 -0.149468
61.3762 -0.109818
61.3861 -0.0701701
61.396 -0.0306434
61.4059 0.00864188
61.4158 0.0475664
61.4257 0.0860117
61.4356 0.123861
61.4455 0.160997
61.4554 0.197308
61.4653 0.232681
61.4752 0.267007
61.4851 0.300179
61.495 0.332092
61.505 0.362646
61.5149 0.391744
61.5248 0.419291
61.5347 0.445197
61.5446 0.469378
61.5545 0.49175
61.5644 0.512237
61.5743 0.530767
61.5842 0.547271
61.5941 0.561687
61.604 0.573958
61.6139 0.584032
61.6238 0.591863
61.6337 0.597408
61.6436 0.600633
61.6535 0.601509
61.6634 0.600012
61.6733 0.596123
61.6832 0.589831
61.6931 0.58113
61.703 0.570021
61.7129 0.556508
61.7228 0.540606
61.7327 0.52233
61.7426 0.501707
61.7525 0.478764
61.7624 0.453539
61.7723 0.426072
61.7822 0.39641
61.7921 0.364606
61.802 0.330717
61.8119 0.294806
61.8218 0.256943
61.8317 0.217198
61.8416 0.175651
61.8515 0.132383
61.8614 0.087482
61.8713 0.0410374
61.8812 -0.00685576
61.8911 -0.0560991
61.901 -0.106591
61.9109 -0.158226
61.9208 -0.210897
61.9307 -0.264492
61.9406 -0.3189
61.9505 -0.374004
61.9604 -0.429688
61.9703 -0.485834
61.9802 -0.542321
61.9901 -0.599029
62 -0.655835
62.0099 -0.71262
62.0198 -0.769259
62.0297 -0.825632
62.0396 -0.881617
62.0495 -0.937094
62.0594 -0.991943
62.0693 -1.04605
62.0792 -1.09929
62.0891 -1.15155
62.099 -1.20273
62.1089 -1.2527
62.1188 -1.30137
62.1287 -1.34864
62.1386 -1.39439
62.1485 -1.43853
62.1584 -1.48097
62.1683 -1.52163
62.1782 -1.56041
62.1881 -1.59723
62.198 -1.63202
62.2079 -1.6647
62.2178 -1.69522
62.2277 -1.72351
62.2376 -1.7495
62.2475 -1.77317
62.2574 -1.79444
62.2673 -1.8133
62.2772 -1.8297
62.2871 -1.84362
62.297 -1.85503
62.3069 -1.86392
62.3168 -1.87027
62.3267 -1.8741
62.3366 -1.87538
62.3465 -1.87415
62.3564 -1.8704
62.3663 -1.86416
62.3762 -1.85545
62.3861 -1.84431
62.396 -1.83078
62.4059 -1.81489
62.4158 -1.79669
62.4257 -1.77625
62.4356 -1.75361
62.4455 -1.72885
62.4554 -1.70203
62.4653 -1.67322
62.4752 -1.64252
62.4851 -1.60999
62.495 -1.57573
62.505 -1.53983
62.5149 -1.50238
62.5248 -1.46349
62.5347 -1.42325
62.5446 -1.38178
62.5545 -1.33917
62.5644 -1.29555
62.5743 -1.25102
62.5842 -1.2057
62.5941 -1.15971
62.604 -1.11316
62.6139 -1.06617
62.6238 -1.01887
62.6337 -0.971373
62.6436 -0.923803
62.6535 -0.87628
62.6634 -0.828925
62.6733 -0.781857
62.6832 -0.735196
62.6931 -0.689061
62.703 -0.643566
62.7129 -0.598828
62.7228 -0.554957
62.7327 -0.512065
62.7426 -0.470259
62.7525 -0.429644
62.7624 -0.390321
62.7723 -0.352388
62.7822 -0.315939
62.7921 -0.281066
62.802 -0.247854
62.8119 -0.216386
62.8218 -0.18674
62.8317 -0.158988
62.8416 -0.133199
62.8515 -0.109436
62.8614 -0.0877562
62.8713 -0.0682126
62.8812 -0.0508523
62.8911 -0.0357167
62.901 -0.0228417
62.9109 -0.0122573
62.9208 -0.00398777
62.9307 0.00194863
62.9406 0.00553953
62.9505 0.00677853
62.9604 0.00566526
62.9703 0.00220529
62.9802 -0.00358978
62.9901 -0.0117024
63 -0.0221092
63.0099 -0.0347809
63.0198 -0.0496824
63.0297 -0.0667729
63.0396 -0.0860061
63.0495 -0.10733
63.0594 -0.130688
63.0693 -0.156017
63.0792 -0.18325
63.0891 -0.212315
63.099 -0.243135
63.1089 -0.275627
63.1188 -0.309706
63.1287 -0.345283
63.1386 -0.382263
63.1485 -0.420549
63.1584 -0.460039
63.1683 -0.500631
63.1782 -0.542216
63.1881 -0.584685
63.198 -0.627925
63.2079 -0.671824
63.2178 -0.716264
63.2277 -0.761128
63.2376 -0.806298
63.2475 -0.851653
63.2574 -0.897074
63.2673 -0.942438
63.2772 -0.987627
63.2871 -1.03252
63.297 -1.07699
63.3069 -1.12093
63.3168 -1.16421
63.3267 -1.20672
63.3366 -1.24835
63.3465 -1.28897
63.3564 -1.32848
63.3663 -1.36678
63.3762 -1.40375
63.3861 -1.43929
63.396 -1.4733
63.4059 -1.5057
63.4158 -1.53638
63.4257 -1.56525
63.4356 -1.59224
63.4455 -1.61727
63.4554 -1.64026
63.4653 -1.66113
63.4752 -1.67983
63.4851 -1.6963
63.495 -1.71048
63.505 -1.72232
63.5149 -1.73179
63.5248 -1.73883
63.5347 -1.74342
63.5446 -1.74554
63.5545 -1.74515
63.5644 -1.74226
63.5743 -1.73685
63.5842 -1.72891
63.5941 -1.71845
63.604 -1.70549
63.6139 -1.69003
63.6238 -1.6721
63.6337 -1.65172
63.6436 -1.62894
63.6535 -1.60378
63.6634 -1.57629
63.6733 -1.54653
63.6832 -1.51454
63.6931 -1.4804
63.703 -1.44415
63.7129 -1.40589
63.7228 -1.36568
63.7327 -1.3236
63.7426 -1.27973
63.7525 -1.23418
63.7624 -1.18702
63.7723 -1.13836
63.7822 -1.0883
63.7921 -1.03694
63.802 -0.984382
63.8119 -0.930745
63.8218 -0.876139
63.8317 -0.820676
63.8416 -0.764474
63.8515 -0.70765
63.8614 -0.650325
63.8713 -0.592617
63.8812 -0.53465
63.8911 -0.476544
63.901 -0.418422
63.9109 -0.360406
63.9208 -0.302617
63.9307 -0.245177
63.9406 -0.188206
63.9505 -0.131822
63.9604 -0.0761432
63.9703 -0.0212842
63.9802 0.0326413
63.9901 0.0855225
64 0.137251
64.0099 0.187722
64.0198 0.236832
64.0297 0.284483
64.0396 0.33058
64.0495 0.375032
64.0594 0.417751
64.0693 0.458656
64.0792 0.497666
64.0891 0.53471
64.099 0.569718
64.1089 0.602627
64.1188 0.633378
64.1287 0.661919
64.1386 0.688201
64.1485 0.712183
64.1584 0.733829
64.1683 0.753108
64.1782 0.769996
64.1881 0.784473
64.198 0.796528
64.2079 0.806152
64.2178 0.813347
64.2277 0.818116
64.2376 0.820471
64.2475 0.82043
64.2574 0.818015
64.2673 0.813255
64.2772 0.806185
64.2871 0.796845
64.297 0.785282
64.3069 0.771547
64.3168 0.755696
64.3267 0.737793
64.3366 0.717903
64.3465 0.696099
64.3564 0.672457
64.3663 0.647059
64.3762 0.61999
64.3861 0.59134
64.396 0.561202
64.4059 0.529674
64.4158 0.496855
64.4257 0.46285
64.4356 0.427766
64.4455 0.39171
64.4554 0.354796
64.4653 0.317137
64.4752 0.278848
64.4851 0.240046
64.495 0.20085
64.505 0.161379
64.5149 0.121753
64.5248 0.0820913
64.5347 0.0425154
64.5446 0.00314488
64.5545 -0.0359006
64.5644 -0.0745025
64.5743 -0.112543
64.5842 -0.149906
64.5941 -0.186477
64.604 -0.222144
64.6139 -0.256796
64.6238 -0.290326
64.6337 -0.322629
64.6436 -0.353602
64.6535 -0.383148
64.6634 -0.411172
64.6733 -0.437581
64.6832 -0.462289
64.6931 -0.485214
64.703 -0.506276
64.7129 -0.525402
64.7228 -0.542522
64.7327 -0.557573
64.7426 -0.570495
64.7525 -0.581235
64.7624 -0.589745
64.7723 -0.595982
64.7822 -0.599909
64.7921 -0.601494
64.802 -0.600713
64.8119 -0.597545
64.8218 -0.591977
64.8317 -0.584001
64.8416 -0.573616
64.8515 -0.560826
64.8614 -0.545641
64.8713 -0.528077
64.8812 -0.508157
64.8911 -0.485909
64.901 -0.461366
64.9109 -0.434569
64.9208 -0.405562
64.9307 -0.374396
64.9406 -0.341128
64.9505 -0.305819
64.9604 -0.268535
64.9703 -0.229349
64.9802 -0.188336
64.9901 -0.145577
65 -0.101157
65.0099 -0.0551673
65.0198 -0.00769983
65.0297 0.0411478
65.0396 0.0912748
65.0495 0.142577
65.0594 0.194948
65.0693 0.248277
65.0792 0.302452
65.0891 0.357359
65.099 0.412881
65.1089 0.468901
65.1188 0.525298
65.1287 0.581952
65.1386 0.638741
65.1485 0.695545
65.1584 0.752241
65.1683 0.808707
65.1782 0.864821
65.1881 0.920464
65.198 0.975514
65.2079 1.02985
65.2178 1.08337
65.2277 1.13594
65.2376 1.18745
65.2475 1.2378
65.2574 1.28687
65.2673 1.33457
65.2772 1.38079
65.2871 1.42542
65.297 1.46839
65.3069 1.50959
65.3168 1.54894
65.3267 1.58636
65.3366 1.62177
65.3465 1.6551
65.3564 1.68627
65.3663 1.71523
65.3762 1.74193
65.3861 1.7663
65.396 1.78829
65.4059 1.80788
65.4158 1.82502
65.4257 1.83969
65.4356 1.85186
65.4455 1.86151
65.4554 1.86863
65.4653 1.87321
65.4752 1.87526
65.4851 1.87478
65.495 1.87179
65.505 1.8663
65.5149 1.85833
65.5248 1.84792
65.5347 1.8351
65.5446 1.81991
65.5545 1.80241
65.5644 1.78263
65.5743 1.76065
65.5842 1.73652
65.5941 1.71031
65.604 1.68209
65.6139 1.65195
65.6238 1.61996
65.6337 1.58621
65.6436 1.55079
65.6535 1.5138
65.6634 1.47533
65.6733 1.43549
65.6832 1.39438
65.6931 1.3521
65.703 1.30877
65.7129 1.26451
65.7228 1.21941
65.7327 1.17361
65.7426 1.12721
65.7525 1.08035
65.7624 1.03313
65.7723 0.985676
65.7822 0.938115
65.7921 0.890565
65.802 0.843147
65.8119 0.79598
65.8218 0.749185
65.8317 0.702879
65.8416 0.657179
65.8515 0.612201
65.8614 0.568058
65.8713 0.52486
65.8812 0.482716
65.8911 0.441732
65.901 0.40201
65.9109 0.363648
65.9208 0.326743
65.9307 0.291387
65.9406 0.257666
65.9505 0.225665
65.9604 0.195463
65.9703 0.167134
65.9802 0.140748
65.9901 0.116369
66 0.0940563
66.0099 0.0738649
66.0198 0.0558431
66.0297 0.0400341
66.0396 0.0264756
66.0495 0.0151992
66.0594 0.00623107
66.0693 -0.000408849
66.0792 -0.00470635
66.0891 -0.00665326
66.099 -0.00624737
66.1089 -0.00349248
66.1188 0.00160163
66.1287 0.00901922
66.1386 0.0187386
66.1485 0.0307323
66.1584 0.0449669
66.1683 0.0614035
66.1782 0.0799973
66.1881 0.100698
66.198 0.12345
66.2079 0.148193
66.2178 0.174861
66.2277 0.203383
66.2376 0.233683
66.2475 0.26568
66.2574 0.299292
66.2673 0.334428
66.2772 0.370996
66.2871 0.408899
66.297 0.448038
66.3069 0.488309
66.3168 0.529606
66.3267 0.571821
66.3366 0.614842
66.3465 0.658554
66.3564 0.702844
66.3663 0.747593
66.3762 0.792683
66.3861 0.837995
66.396 0.883409
66.4059 0.928803
66.4158 0.974057
66.4257 1.01905
66.4356 1.06366
66.4455 1.10777
66.4554 1.15126
66.4653 1.19402
66.4752 1.23592
66.4851 1.27686
66.495 1.31672
66.505 1.35539
66.5149 1.39277
66.5248 1.42875
66.5347 1.46324
66.5446 1.49613
66.5545 1.52733
66.5644 1.55676
66.5743 1.58433
66.5842 1.60995
66.5941 1.63356
66.604 1.65508
66.6139 1.67444
66.6238 1.69159
66.6337 1.70646
66.6436 1.71901
66.6535 1.72919
66.6634 1.73697
66.6733 1.7423
66.6832 1.74516
66.6931 1.74553
66.703 1.74339
66.7129 1.73874
66.7228 1.73156
66.7327 1.72186
66.7426 1.70965
66.7525 1.69494
66.7624 1.67775
66.7723 1.65811
66.7822 1.63604
66.7921 1.6116
66.802 1.5848
66.8119 1.55572
66.8218 1.5244
66.8317 1.49089
66.8416 1.45527
66.8515 1.41761
66.8614 1.37797
66.8713 1.33645
66.8812 1.29311
66.8911 1.24805
66.901 1.20137
66.9109 1.15315
66.9208 1.1035
66.9307 1.05252
66.9406 1.00031
66.9505 0.94699
66.9604 0.892663
66.9703 0.837446
66.9802 0.781454
66.9901 0.724805
67 0.667617
67.0099 0.610012
67.0198 0.55211
67.0297 0.494033
67.0396 0.435903
67.0495 0.377842
67.0594 0.319972
67.0693 0.262415
67.0792 0.20529
67.0891 0.148717
67.099 0.0928137
67.1089 0.0376959
67.1188 -0.0165222
67.1287 -0.0697291
67.1386 -0.121816
67.1485 -0.172676
67.1584 -0.222206
67.1683 -0.270306
67.1782 -0.31688
67.1881 -0.361837
67.198 -0.405086
67.2079 -0.446545
67.2178 -0.486133
67.2277 -0.523776
67.2376 -0.559404
67.2475 -0.592951
67.2574 -0.624357
67.2673 -0.653568
67.2772 -0.680534
67.2871 -0.705212
67.297 -0.727565
67.3069 -0.747559
67.3168 -0.765168
67.3267 -0.780372
67.3366 -0.793156
67.3465 -0.803512
67.3564 -0.811438
67.3663 -0.816936
67.3762 -0.820016
67.3861 -0.820693
67.396 -0.818989
67.4059 -0.814931
67.4158 -0.808552
67.4257 -0.799891
67.4356 -0.788992
67.4455 -0.775904
67.4554 -0.760684
67.4653 -0.743391
67.4752 -0.724091
67.4851 -0.702855
67.495 -0.679758
67.505 -0.65488
67.5149 -0.628304
67.5248 -0.60012
67.5347 -0.57042
67.5446 -0.5393
67.5545 -0.506858
67.5644 -0.473199
67.5743 -0.438428
67.5842 -0.402653
67.5941 -0.365986
67.604 -0.328538
67.6139 -0.290427
67.6238 -0.251767
67.6337 -0.212677
67.6436 -0.173276
67.6535 -0.133684
67.6634 -0.0940202
67.6733 -0.054406
67.6832 -0.0149611
67.6931 0.0241947
67.703 0.0629425
67.7129 0.101164
67.7228 0.138743
67.7327 0.175565
67.7426 0.211515
67.7525 0.246484
67.7624 0.280363
67.7723 0.313046
67.7822 0.344429
67.7921 0.374415
67.802 0.402906
67.8119 0.42981
67.8218 0.45504
67.8317 0.478509
67.8416 0.50014
67.8515 0.519856
67.8614 0.537586
67.8713 0.553266
67.8812 0.566835
67.8911 0.578237
67.901 0.587422
67.9109 0.594347
67.9208 0.598972
67.9307 0.601265
67.9406 0.601198
67.9505 0.59875
67.9604 0.593905
67.9703 0.586654
67.9802 0.576994
67.9901 0.564926
68 0.55046
68.0099 0.53361
68.0198 0.514396
68.0297 0.492845
68.0396 0.468989
68.0495 0.442865
68.0594 0.414518
68.0693 0.383996
68.0792 0.351355
68.0891 0.316653
68.099 0.279956
68.1089 0.241334
68.1188 0.200862
68.1287 0.15862
68.1386 0.114691
68.1485 0.0691636
68.1584 0.0221305
68.1683 -0.0263124
68.1782 -0.0760653
68.1881 -0.127025
68.198 -0.179086
68.2079 -0.232138
68.2178 -0.286071
68.2277 -0.34077
68.2376 -0.396119
68.2475 -0.452002
68.2574 -0.508297
68.2673 -0.564887
68.2772 -0.621649
68.2871 -0.678461
68.297 -0.735202
68.3069 -0.79175
68.3168 -0.847983
68.3267 -0.90378
68.3366 -0.959021
68.3465 -1.01359
68.3564 -1.06736
68.3663 -1.12023
68.3762 -1.17207
68.3861 -1.22278
68.396 -1.27225
68.4059 -1.32037
68.4158 -1.36704
68.4257 -1.41217
68.4356 -1.45564
68.4455 -1.49739
68.4554 -1.5373
68.4653 -1.57531
68.4752 -1.61133
68.4851 -1.64529
68.495 -1.67712
68.505 -1.70676
68.5149 -1.73414
68.5248 -1.75921
68.5347 -1.78193
68.5446 -1.80225
68.5545 -1.82013
68.5644 -1.83554
68.5743 -1.84846
68.5842 -1.85887
68.5941 -1.86675
68.604 -1.8721
68.6139 -1.87491
68.6238 -1.87519
68.6337 -1.87295
68.6436 -1.86821
68.6535 -1.86099
68.6634 -1.85131
68.6733 -1.83921
68.6832 -1.82473
68.6931 -1.80791
68.703 -1.78882
68.7129 -1.76749
68.7228 -1.744
68.7327 -1.71841
68.7426 -1.69079
68.7525 -1.66122
68.7624 -1.62977
68.7723 -1.59655
68.7822 -1.56162
68.7921 -1.52509
68.802 -1.48706
68.8119 -1.44762
68.8218 -1.40688
68.8317 -1.36494
68.8416 -1.32191
68.8515 -1.27792
68.8614 -1.23306
68.8713 -1.18746
68.8812 -1.14123
68.8911 -1.09449
68.901 -1.04736
68.9109 -0.999969
68.9208 -0.952429
68.9307 -0.904863
68.9406 -0.857392
68.9505 -0.810137
68.9604 -0.763217
68.9703 -0.716752
68.9802 -0.670858
68.9901 -0.625651
69 -0.581244
69.0099 -0.537751
69.0198 -0.495279
69.0297 -0.453934
69.0396 -0.413822
69.0495 -0.375041
69.0594 -0.337688
69.0693 -0.301856
69.0792 -0.267634
69.0891 -0.235108
69.099 -0.204356
69.1089 -0.175456
69.1188 -0.148478
69.1287 -0.123489
69.1386 -0.100548
69.1485 -0.0797135
69.1584 -0.0610342
69.1683 -0.0445553
69.1782 -0.0303161
69.1881 -0.0183501
69.198 -0.00868515
69.2079 -0.001343
69.2178 0.00366037
69.2277 0.00631498
69.2376 0.00661682
69.2475 0.00456789
69.2574 0.00017617
69.2673 -0.00654439
69.2772 -0.0155739
69.2871 -0.0268866
69.297 -0.0404509
69.3069 -0.0562294
69.3168 -0.0741792
69.3267 -0.0942517
69.3366 -0.116393
69.3465 -0.140544
69.3564 -0.16664
69.3663 -0.194611
69.3762 -0.224384
69.3861 -0.25588
69.396 -0.289015
69.4059 -0.323702
69.4158 -0.359849
69.4257 -0.397361
69.4356 -0.436139
69.4455 -0.47608
69.4554 -0.51708
69.4653 -0.559031
69.4752 -0.60182
69.4851 -0.645337
69.495 -0.689465
69.505 -0.734088
69.5149 -0.779089
69.5248 -0.824347
69.5347 -0.869742
69.5446 -0.915155
69.5545 -0.960464
69.5644 -1.00555
69.5743 -1.05029
69.5842 -1.09456
69.5941 -1.13825
69.604 -1.18124
69.6139 -1.22341
69.6238 -1.26465
69.6337 -1.30485
69.6436 -1.34389
69.6535 -1.38167
69.6634 -1.41808
69.6733 -1.45302
69.6832 -1.4864
69.6931 -1.51813
69.703 -1.5481
69.7129 -1.57623
69.7228 -1.60245
69.7327 -1.62667
69.7426 -1.64883
69.7525 -1.66885
69.7624 -1.68666
69.7723 -1.70223
69.7822 -1.71548
69.7921 -1.72638
69.802 -1.73488
69.8119 -1.74095
69.8218 -1.74456
69.8317 -1.74568
69.8416 -1.7443
69.8515 -1.74041
69.8614 -1.73399
69.8713 -1.72505
69.8812 -1.71359
69.8911 -1.69963
69.901 -1.68318
69.9109 -1.66428
69.9208 -1.64294
69.9307 -1.6192
69.9406 -1.59311
69.9505 -1.56471
69.9604 -1.53405
69.9703 -1.5012
69.9802 -1.46621
69.9901 -1.42915
70 -1.3901
70.0099 -1.34914
70.0198 -1.30633
70.0297 -1.26179
70.0396 -1.21558
70.0495 -1.16781
70.0594 -1.11858
70.0693 -1.06799
70.0792 -1.01614
70.0891 -0.963143
70.099 -0.909106
70.1089 -0.854145
70.1188 -0.798374
70.1287 -0.74191
70.1386 -0.684872
70.1485 -0.62738
70.1584 -0.569554
70.1683 -0.511517
70.1782 -0.45339
70.1881 -0.395296
70.198 -0.337356
70.2079 -0.279691
70.2178 -0.222424
70.2277 -0.165672
70.2376 -0.109555
70.2475 -0.0541891
70.2574 0.000311567
70.2673 0.0538343
70.2772 0.106269
70.2871 0.157509
70.297 0.20745
70.3069 0.255991
70.3168 0.303034
70.3267 0.348487
70.3366 0.392259
70.3465 0.434265
70.3564 0.474424
70.3663 0.51266
70.3762 0.548901
70.3861 0.58308
70.396 0.615136
70.4059 0.645013
70.4158 0.67266
70.4257 0.698031
70.4356 0.721086
70.4455 0.741793
70.4554 0.760122
70.4653 0.776052
70.4752 0.789565
70.4851 0.800652
70.495 0.809309
70.505 0.815536
70.5149 0.819342
70.5248 0.820741
70.5347 0.819751
70.5446 0.816398
70.5545 0.810713
70.5644 0.802734
70.5743 0.792503
70.5842 0.780069
70.5941 0.765484
70.604 0.748808
70.6139 0.730105
70.6238 0.709444
70.6337 0.686898
70.6436 0.662547
70.6535 0.636473
70.6634 0.608764
70.6733 0.57951
70.6832 0.548806
70.6931 0.516751
70.703 0.483448
70.7129 0.449
70.7228 0.413515
70.7327 0.377105
70.7426 0.33988
70.7525 0.301956
70.7624 0.263448
70.7723 0.224475
70.7822 0.185156
70.7921 0.145608
70.802 0.105954
70.8119 0.0663119
70.8218 0.0268034
70.8317 -0.0124519
70.8416 -0.0513349
70.8515 -0.0897272
70.8614 -0.127512
70.8713 -0.164573
70.8812 -0.200798
70.8911 -0.236073
70.901 -0.270291
70.9109 -0.303345
70.9208 -0.33513
70.9307 -0.365546
70.9406 -0.394497
70.9505 -0.421888
70.9604 -0.447631
70.9703 -0.471638
70.9802 -0.49383
70.9901 -0.51413
71 -0.532465
71.0099 -0.548768
71.0198 -0.562978
71.0297 -0.575037
71.0396 -0.584895
71.0495 -0.592504
71.0594 -0.597825
71.0693 -0.600823
71.0792 -0.601468
71.0891 -0.599738
71.099 -0.595616
71.1089 -0.589089
71.1188 -0.580154
71.1287 -0.56881
71.1386 -0.555064
71.1485 -0.538929
71.1584 -0.520424
71.1683 -0.499573
71.1782 -0.476407
71.1881 -0.450961
71.198 -0.423278
71.2079 -0.393405
71.2178 -0.361395
71.2277 -0.327306
71.2376 -0.291202
71.2475 -0.253152
71.2574 -0.213228
71.2673 -0.17151
71.2772 -0.128079
71.2871 -0.0830234
71.297 -0.0364335
71.3069 0.0115956
71.3168 0.060965
71.3267 0.111573
71.3366 0.163314
71.3465 0.216079
71.3564 0.269759
71.3663 0.32424
71.3762 0.379406
71.3861 0.43514
71.396 0.491324
71.4059 0.547838
71.4158 0.604561
71.4257 0.661371
71.4356 0.718146
71.4455 0.774765
71.4554 0.831105
71.4653 0.887046
71.4752 0.942467
71.4851 0.997248
71.495 1.05127
71.505 1.10442
71.5149 1.15659
71.5248 1.20765
71.5347 1.2575
71.5446 1.30604
71.5545 1.35316
71.5644 1.39876
71.5743 1.44274
71.5842 1.48502
71.5941 1.52549
71.604 1.56408
71.6139 1.60071
71.6238 1.6353
71.6337 1.66777
71.6436 1.69808
71.6535 1.72614
71.6634 1.75191
71.6733 1.77534
71.6832 1.79639
71.6931 1.81501
71.703 1.83116
71.7129 1.84484
71.7228 1.856
71.7327 1.86465
71.7426 1.87076
71.7525 1.87433
71.7624 1.87537
71.7723 1.87389
71.7822 1.8699
71.7921 1.86342
71.802 1.85447
71.8119 1.8431
71.8218 1.82933
71.8317 1.81322
71.8416 1.7948
71.8515 1.77414
71.8614 1.75129
71.8713 1.72632
71.8812 1.69931
71.8911 1.67031
71.901 1.63943
71.9109 1.60673
71.9208 1.5723
71.9307 1.53624
71.9406 1.49865
71.9505 1.45963
71.9604 1.41926
71.9703 1.37767
71.9802 1.33497
71.9901 1.29125
72 1.24664
72.0099 1.20125
72.0198 1.15519
72.0297 1.1086
72.0396 1.06157
72.0495 1.01425
72.0594 0.96674
72.0693 0.919169
72.0792 0.871657
72.0891 0.824324
72.099 0.777291
72.1089 0.730677
72.1188 0.684598
72.1287 0.639172
72.1386 0.594513
72.1485 0.550734
72.1584 0.507943
72.1683 0.466248
72.1782 0.425754
72.1881 0.386562
72.198 0.34877
72.2079 0.312471
72.2178 0.277756
72.2277 0.24471
72.2376 0.213417
72.2475 0.183952
72.2574 0.156388
72.2673 0.130794
72.2772 0.107231
72.2871 0.0857574
72.297 0.0664245
72.3069 0.0492792
72.3168 0.0343624
72.3267 0.0217094
72.3366 0.0113495
72.3465 0.00330658
72.3564 -0.00240175
72.3663 -0.0057637
72.3762 -0.00677345
72.3861 -0.0054312
72.396 -0.00174313
72.4059 0.0042786
72.4158 0.0126159
72.4257 0.0232447
72.4356 0.0361353
72.4455 0.0512519
72.4554 0.0685533
72.4653 0.0879926
72.4752 0.109517
72.4851 0.13307
72.495 0.158588
72.505 0.186003
72.5149 0.215242
72.5248 0.246228
72.5347 0.278879
72.5446 0.313108
72.5545 0.348826
72.5644 0.385937
72.5743 0.424345
72.5842 0.463947
72.5941 0.50464
72.604 0.546316
72.6139 0.588865
72.6238 0.632175
72.6337 0.676131
72.6436 0.720618
72.6535 0.765517
72.6634 0.81071
72.6733 0.856077
72.6832 0.901498
72.6931 0.946851
72.703 0.992015
72.7129 1.03687
72.7228 1.0813
72.7327 1.12518
72.7426 1.16839
72.7525 1.21082
72.7624 1.25235
72.7723 1.29287
72.7822 1.33227
72.7921 1.37044
72.802 1.40727
72.8119 1.44267
72.8218 1.47653
72.8317 1.50876
72.8416 1.53927
72.8515 1.56797
72.8614 1.59477
72.8713 1.6196
72.8812 1.64238
72.8911 1.66305
72.901 1.68154
72.9109 1.69779
72.9208 1.71174
72.9307 1.72335
72.9406 1.73258
72.9505 1.73938
72.9604 1.74374
72.9703 1.74561
72.9802 1.74498
72.9901 1.74184
73 1.73618
73.0099 1.728
73.0198 1.7173
73.0297 1.70409
73.0396 1.68839
73.0495 1.67022
73.0594 1.64961
73.0693 1.62659
73.0792 1.6012
73.0891 1.57349
73.099 1.54351
73.1089 1.51131
73.1188 1.47696
73.1287 1.44051
73.1386 1.40206
73.1485 1.36166
73.1584 1.3194
73.1683 1.27537
73.1782 1.22965
73.1881 1.18234
73.198 1.13354
73.2079 1.08335
73.2178 1.03187
73.2277 0.979202
73.2376 0.925466
73.2475 0.870771
73.2574 0.815231
73.2673 0.758963
73.2772 0.702086
73.2871 0.644717
73.297 0.586979
73.3069 0.528993
73.3168 0.47088
73.3267 0.412763
73.3366 0.354764
73.3465 0.297004
73.3564 0.239604
73.3663 0.182685
73.3762 0.126365
73.3861 0.0707606
73.396 0.0159876
73.4059 -0.037841
73.4158 -0.0906146
73.4257 -0.142225
73.4356 -0.192568
73.4455 -0.24154
73.4554 -0.289044
73.4653 -0.334985
73.4752 -0.379272
73.4851 -0.421818
73.495 -0.462541
73.505 -0.501363
73.5149 -0.538211
73.5248 -0.573018
73.5347 -0.605719
73.5446 -0.636257
73.5545 -0.664579
73.5644 -0.690639
73.5743 -0.714396
73.5842 -0.735812
73.5941 -0.754859
73.604 -0.771512
73.6139 -0.785754
73.6238 -0.797572
73.6337 -0.80696
73.6436 -0.813918
73.6535 -0.818451
73.6634 -0.820572
73.6733 -0.820298
73.6832 -0.817653
73.6931 -0.812667
73.703 -0.805374
73.7129 -0.795816
73.7228 -0.784039
73.7327 -0.770095
73.7426 -0.754041
73.7525 -0.735941
73.7624 -0.715861
73.7723 -0.693875
73.7822 -0.670058
73.7921 -0.644494
73.802 -0.617267
73.8119 -0.588468
73.8218 -0.55819
73.8317 -0.526531
73.8416 -0.493593
73.8515 -0.459478
73.8614 -0.424294
73.8713 -0.38815
73.8812 -0.351158
73.8911 -0.313432
73.901 -0.275088
73.9109 -0.236243
73.9208 -0.197015
73.9307 -0.157523
73.9406 -0.117888
73.9505 -0.0782299
73.9604 -0.0386687
73.9703 0.000675369
73.9802 0.0396829
73.9901 0.0782352
74 0.116215
74.0099 0.153506
74.0198 0.189994
74.0297 0.225567
74.0396 0.260114
74.0495 0.293529
74.0594 0.325707
74.0693 0.356545
74.0792 0.385947
74.0891 0.413817
74.099 0.440064
74.1089 0.464603
74.1188 0.487349
74.1287 0.508226
74.1386 0.527159
74.1485 0.54408
74.1584 0.558926
74.1683 0.571638
74.1782 0.582163
74.1881 0.590454
74.198 0.596467
74.2079 0.600167
74.2178 0.601523
74.2277 0.600509
74.2376 0.597108
74.2475 0.591306
74.2574 0.583095
74.2673 0.572476
74.2772 0.559451
74.2871 0.544034
74.297 0.526239
74.3069 0.506091
74.3168 0.483618
74.3267 0.458854
74.3366 0.431839
74.3465 0.402619
74.3564 0.371246
74.3663 0.337777
74.3762 0.302272
74.3861 0.2648
74.396 0.225432
74.4059 0.184245
74.4158 0.141321
74.4257 0.0967444
74.4356 0.0506062
74.4455 0.00299988
74.4554 -0.0459769
74.4653 -0.096223
74.4752 -0.147634
74.4851 -0.200103
74.495 -0.25352
74.505 -0.307771
74.5149 -0.362743
74.5248 -0.418319
74.5347 -0.47438
74.5446 -0.530808
74.5545 -0.58748
74.5644 -0.644277
74.5743 -0.701076
74.5842 -0.757754
74.5941 -0.814191
74.604 -0.870265
74.6139 -0.925855
74.6238 -0.980841
74.6337 -1.03511
74.6436 -1.08853
74.6535 -1.141
74.6634 -1.19241
74.6733 -1.24264
74.6832 -1.29158
74.6931 -1.33914
74.703 -1.38521
74.7129 -1.42969
74.7228 -1.47248
74.7327 -1.51351
74.7426 -1.55267
74.7525 -1.5899
74.7624 -1.62511
74.7723 -1.65823
74.7822 -1.68919
74.7921 -1.71794
74.802 -1.7444
74.8119 -1.76854
74.8218 -1.79031
74.8317 -1.80966
74.8416 -1.82656
74.8515 -1.84099
74.8614 -1.85291
74.8713 -1.86231
74.8812 -1.86918
74.8911 -1.87352
74.901 -1.87533
74.9109 -1.8746
74.9208 -1.87136
74.9307 -1.86563
74.9406 -1.85742
74.9505 -1.84678
74.9604 -1.83372
74.9703 -1.81831
74.9802 -1.80058
74.9901 -1.78059
75 -1.75839
75.0099 -1.73405
75.0198 -1.70765
75.0297 -1.67924
75.0396 -1.64891
75.0495 -1.61675
75.0594 -1.58283
75.0693 -1.54726
75.0792 -1.51012
75.0891 -1.47151
75.099 -1.43154
75.1089 -1.39031
75.1188 -1.34793
75.1287 -1.3045
75.1386 -1.26015
75.1485 -1.21498
75.1584 -1.16911
75.1683 -1.12267
75.1782 -1.07576
75.1881 -1.02851
75.198 -0.981045
75.2079 -0.93348
75.2178 -0.885938
75.2277 -0.838539
75.2376 -0.791403
75.2475 -0.74465
75.2574 -0.698398
75.2673 -0.652764
75.2772 -0.607862
75.2871 -0.563806
75.297 -0.520706
75.3069 -0.478671
75.3168 -0.437805
75.3267 -0.398211
75.3366 -0.359987
75.3465 -0.323229
75.3564 -0.288028
75.3663 -0.254472
75.3762 -0.222643
75.3861 -0.19262
75.396 -0.164477
75.4059 -0.138283
75.4158 -0.114103
75.4257 -0.0919951
75.4356 -0.0720129
75.4455 -0.0542049
75.4554 -0.0386137
75.4653 -0.0252762
75.4752 -0.0142237
75.4851 -0.00548153
75.495 0.000930704
75.505 0.00499946
75.5149 0.00671715
75.5248 0.00608214
75.5347 0.00309882
75.5446 -0.00222244
75.5545 -0.00986533
75.5644 -0.0198076
75.5743 -0.0320212
75.5842 -0.0464722
75.5941 -0.0631209
75.604 -0.0819223
75.6139 -0.102826
75.6238 -0.125775
75.6337 -0.150708
75.6436 -0.17756
75.6535 -0.206258
75.6634 -0.236727
75.6733 -0.268885
75.6832 -0.302649
75.6931 -0.337929
75.703 -0.374631
75.7129 -0.412659
75.7228 -0.451913
75.7327 -0.492289
75.7426 -0.533681
75.7525 -0.575979
75.7624 -0.619072
75.7723 -0.662846
75.7822 -0.707185
75.7921 -0.751973
75.802 -0.79709
75.8119 -0.842417
75.8218 -0.887834
75.8317 -0.93322
75.8416 -0.978454
75.8515 -1.02342
75.8614 -1.06798
75.8713 -1.11204
75.8812 -1.15546
75.8911 -1.19814
75.901 -1.23996
75.9109 -1.28079
75.9208 -1.32054
75.9307 -1.35909
75.9406 -1.39634
75.9505 -1.43218
75.9604 -1.46651
75.9703 -1.49924
75.9802 -1.53028
75.9901 -1.55953
76 -1.58691
76.0099 -1.61234
76.0198 -1.63575
76.0297 -1.65706
76.0396 -1.67621
76.0495 -1.69314
76.0594 -1.70779
76.0693 -1.72011
76.0792 -1.73006
76.0891 -1.73759
76.099 -1.74269
76.1089 -1.74531
76.1188 -1.74543
76.1287 -1.74305
76.1386 -1.73815
76.1485 -1.73073
76.1584 -1.72078
76.1683 -1.70833
76.1782 -1.69338
76.1881 -1.67595
76.198 -1.65607
76.2079 -1.63377
76.2178 -1.60909
76.2277 -1.58207
76.2376 -1.55277
76.2475 -1.52123
76.2574 -1.48751
76.2673 -1.45169
76.2772 -1.41383
76.2871 -1.37401
76.297 -1.3323
76.3069 -1.2888
76.3168 -1.24358
76.3267 -1.19674
76.3366 -1.14838
76.3465 -1.09859
76.3564 -1.04748
76.3663 -0.995164
76.3762 -0.941739
76.3861 -0.887321
76.396 -0.832023
76.4059 -0.775962
76.4158 -0.719255
76.4257 -0.662021
76.4356 -0.604382
76.4455 -0.546457
76.4554 -0.48837
76.4653 -0.430241
76.4752 -0.372194
76.4851 -0.314349
76.495 -0.256828
76.505 -0.199752
76.5149 -0.143239
76.5248 -0.0874074
76.5347 -0.0323723
76.5446 0.0217522
76.5545 0.0748547
76.5644 0.126826
76.5743 0.177561
76.5842 0.226956
76.5941 0.274912
76.604 0.321333
76.6139 0.366127
76.6238 0.409205
76.6337 0.450485
76.6436 0.489887
76.6535 0.527337
76.6634 0.562765
76.6733 0.596105
76.6832 0.6273
76.6931 0.656294
76.703 0.68304
76.7129 0.707493
76.7228 0.729617
76.7327 0.749379
76.7426 0.766755
76.7525 0.781724
76.7624 0.794272
76.7723 0.804391
76.7822 0.81208
76.7921 0.817342
76.802 0.820187
76.8119 0.820631
76.8218 0.818697
76.8317 0.814411
76.8416 0.807808
76.8515 0.798927
76.8614 0.787812
76.8713 0.774514
76.8812 0.759089
76.8911 0.741598
76.901 0.722106
76.9109 0.700686
76.9208 0.677411
76.9307 0.652364
76.9406 0.625628
76.9505 0.597292
76.9604 0.567449
76.9703 0.536195
76.9802 0.503631
76.9901 0.469859
77 0.434985
77.0099 0.399118
77.0198 0.36237
77.0297 0.324853
77.0396 0.286682
77.0495 0.247975
77.0594 0.20885
77.0693 0.169425
77.0792 0.129821
77.0891 0.0901566
77.099 0.0505536
77.1089 0.0111316
77.1188 -0.0279896
77.1287 -0.0666913
77.1386 -0.104856
77.1485 -0.142366
77.1584 -0.179107
77.1683 -0.214967
77.1782 -0.249835
77.1881 -0.283601
77.198 -0.316162
77.2079 -0.347414
77.2178 -0.377258
77.2277 -0.405599
77.2376 -0.432344
77.2475 -0.457405
77.2574 -0.480699
77.2673 -0.502146
77.2772 -0.521671
77.2871 -0.539205
77.297 -0.554682
77.3069 -0.568042
77.3168 -0.57923
77.3267 -0.588197
77.3366 -0.594899
77.3465 -0.599299
77.3564 -0.601363
77.3663 -0.601065
77.3762 -0.598384
77.3861 -0.593305
77.396 -0.585819
77.4059 -0.575924
77.4158 -0.563622
77.4257 -0.548923
77.4356 -0.531842
77.4455 -0.512399
77.4554 -0.490622
77.4653 -0.466543
77.4752 -0.440201
77.4851 -0.411639
77.495 -0.380908
77.505 -0.348063
77.5149 -0.313164
77.5248 -0.276277
77.5347 -0.237471
77.5446 -0.196823
77.5545 -0.154413
77.5644 -0.110324
77.5743 -0.064646
77.5842 -0.0174713
77.5941 0.0311037
77.604 0.0809787
77.6139 0.132051
77.6238 0.184213
77.6337 0.237356
77.6436 0.291368
77.6535 0.346136
77.6634 0.401542
77.6733 0.45747
77.6832 0.5138
77.6931 0.570411
77.703 0.627183
77.7129 0.683994
77.7228 0.740722
77.7327 0.797244
77.7426 0.85344
77.7525 0.909188
77.7624 0.964369
77.7723 1.01886
77.7822 1.07255
77.7921 1.12532
77.802 1.17706
77.8119 1.22766
77.8218 1.277
77.8317 1.32498
77.8416 1.37151
77.8515 1.41648
77.8614 1.45979
77.8713 1.50136
77.8812 1.54109
77.8911 1.57891
77.901 1.61473
77.9109 1.64849
77.9208 1.68011
77.9307 1.70952
77.9406 1.73668
77.9505 1.76153
77.9604 1.78401
77.9703 1.8041
77.9802 1.82174
77.9901 1.83691
78 1.84959
78.0099 1.85975
78.0198 1.86738
78.0297 1.87248
78.0396 1.87505
78.0495 1.87509
78.0594 1.8726
78.0693 1.86762
78.0792 1.86015
78.0891 1.85023
78.099 1.8379
78.1089 1.82319
78.1188 1.80615
78.1287 1.78684
78.1386 1.7653
78.1485 1.7416
78.1584 1.7158
78.1683 1.68799
78.1782 1.65823
78.1881 1.62661
78.198 1.59322
78.2079 1.55813
78.2178 1.52145
78.2277 1.48328
78.2376 1.4437
78.2475 1.40284
78.2574 1.36079
78.2673 1.31767
78.2772 1.27358
78.2871 1.22865
78.297 1.18298
78.3069 1.13669
78.3168 1.08991
78.3267 1.04276
78.3366 0.995342
78.3465 0.947794
78.3564 0.900232
78.3663 0.852777
78.3762 0.805549
78.3861 0.758669
78.396 0.712254
78.4059 0.666421
78.4158 0.621287
78.4257 0.576965
78.4356 0.533566
78.4455 0.491199
78.4554 0.449971
78.4653 0.409983
78.4752 0.371337
78.4851 0.334128
78.495 0.29845
78.505 0.264389
78.5149 0.232032
78.5248 0.201458
78.5347 0.172742
78.5446 0.145955
78.5545 0.121163
78.5644 0.0984252
78.5743 0.0777982
78.5842 0.0593313
78.5941 0.043069
78.604 0.0290499
78.6139 0.017307
78.6238 0.00786741
78.6337 0.000752505
78.6436 -0.00402238
78.6535 -0.00644785
78.6634 -0.00652048
78.6733 -0.00424285
78.6832 0.000376469
78.6931 0.00732295
78.703 0.0165761
78.7129 0.0281097
78.7228 0.0418914
78.7327 0.0578835
78.7426 0.0760423
78.7525 0.0963188
78.7624 0.118659
78.7723 0.143002
78.7822 0.169283
78.7921 0.197434
78.802 0.227378
78.8119 0.259037
78.8218 0.292328
78.8317 0.327161
78.8416 0.363445
78.8515 0.401085
78.8614 0.439981
78.8713 0.48003
78.8812 0.521127
78.8911 0.563164
78.901 0.60603
78.9109 0.649611
78.9208 0.693793
78.9307 0.738458
78.9406 0.783489
78.9505 0.828765
78.9604 0.874168
78.9703 0.919576
78.9802 0.964868
78.9901 1.00992
79 1.05462
79.0099 1.09885
79.0198 1.14247
79.0297 1.18539
79.0396 1.22747
79.0495 1.26862
79.0594 1.3087
79.0693 1.34762
79.0792 1.38528
79.0891 1.42155
79.099 1.45635
79.1089 1.48957
79.1188 1.52112
79.1287 1.55092
79.1386 1.57887
79.1485 1.6049
79.1584 1.62892
79.1683 1.65087
79.1782 1.67068
79.1881 1.68828
79.198 1.70362
79.2079 1.71665
79.2178 1.72732
79.2277 1.73558
79.2376 1.74141
79.2475 1.74478
79.2574 1.74566
79.2673 1.74403
79.2772 1.73989
79.2871 1.73323
79.297 1.72404
79.3069 1.71234
79.3168 1.69814
79.3267 1.68145
79.3366 1.6623
79.3465 1.64073
79.3564 1.61676
79.3663 1.59044
79.3762 1.56182
79.3861 1.53095
79.396 1.49788
79.4059 1.46269
79.4158 1.42543
79.4257 1.38619
79.4356 1.34504
79.4455 1.30207
79.4554 1.25736
79.4653 1.21099
79.4752 1.16308
79.4851 1.11371
79.495 1.06299
79.505 1.01103
79.5149 0.957922
79.5248 0.903791
79.5347 0.848745
79.5446 0.792901
79.5545 0.736376
79.5644 0.679289
79.5743 0.621759
79.5842 0.563907
79.5941 0.505856
79.604 0.447727
79.6139 0.389642
79.6238 0.331723
79.6337 0.274093
79.6436 0.21687
79.6535 0.160175
79.6634 0.104126
79.6733 0.0488395
79.6832 -0.00557086
79.6931 -0.0589924
79.703 -0.111316
79.7129 -0.162433
79.7228 -0.212242
79.7327 -0.260641
79.7426 -0.307534
79.7525 -0.352827
79.7624 -0.39643
79.7723 -0.43826
79.7822 -0.478235
79.7921 -0.51628
79.802 -0.552323
79.8119 -0.586298
79.8218 -0.618144
79.8317 -0.647805
79.8416 -0.675232
79.8515 -0.700379
79.8614 -0.723208
79.8713 -0.743684
79.8812 -0.76178
79.8911 -0.777475
79.901 -0.790752
79.9109 -0.801603
79.9208 -0.810022
79.9307 -0.816013
79.9406 -0.819584
79.9505 -0.820749
79.9604 -0.819528
79.9703 -0.815946
79.9802 -0.810036
79.9901 -0.801836
80 -0.791388
80.0099 -0.778741
80.0198 -0.76395
80.0297 -0.747074
80.0396 -0.728177
80.0495 -0.707329
80.0594 -0.684604
80.0693 -0.660081
80.0792 -0.633844
80.0891 -0.60598
80.099 -0.57658
80.1089 -0.545741
80.1188 -0.51356
80.1287 -0.48014
80.1386 -0.445587
80.1485 -0.410007
80.1584 -0.373512
80.1683 -0.336214
80.1782 -0.298228
80.1881 -0.25967
80.198 -0.220658
80.2079 -0.181311
80.2178 -0.141748
80.2277 -0.102089
80.2376 -0.0624549
80.2475 -0.0229659
80.2574 0.0162584
80.2673 0.0550988
80.2772 0.093437
80.2871 0.131156
80.297 0.168141
80.3069 0.204278
80.3168 0.239455
80.3267 0.273564
80.3366 0.306499
80.3465 0.338155
80.3564 0.368433
80.3663 0.397236
80.3762 0.42447
80.3861 0.450047
80.396 0.473881
80.4059 0.495892
80.4158 0.516003
80.4257 0.534143
80.4356 0.550245
80.4455 0.564248
80.4554 0.576095
80.4653 0.585735
80.4752 0.593124
80.4851 0.59822
80.495 0.600989
80.505 0.601404
80.5149 0.599442
80.5248 0.595085
80.5347 0.588325
80.5446 0.579154
80.5545 0.567576
80.5644 0.553597
80.5743 0.53723
80.5842 0.518495
80.5941 0.497417
80.604 0.474027
80.6139 0.448361
80.6238 0.420463
80.6337 0.390379
80.6436 0.358164
80.6535 0.323876
80.6634 0.28758
80.6733 0.249343
80.6832 0.209242
80.6931 0.167353
80.703 0.12376
80.7129 0.0785503
80.7228 0.0318159
80.7327 -0.0163481
80.7426 -0.0658428
80.7525 -0.116566
80.7624 -0.168411
80.7723 -0.221271
80.7822 -0.275033
80.7921 -0.329586
80.802 -0.384812
80.8119 -0.440596
80.8218 -0.496817
80.8317 -0.553357
80.8416 -0.610093
80.8515 -0.666905
80.8614 -0.723671
80.8713 -0.780268
80.8812 -0.836575
80.8911 -0.89247
80.901 -0.947834
80.9109 -1.00255
80.9208 -1.05649
80.9307 -1.10955
80.9406 -1.16161
80.9505 -1.21256
80.9604 -1.26229
80.9703 -1.3107
80.9802 -1.35767
80.9901 -1.40312
81 -1.44694
81.0099 -1.48904
81.0198 -1.52933
81.0297 -1.56774
81.0396 -1.60417
81.0495 -1.63855
81.0594 -1.67082
81.0693 -1.70091
81.0792 -1.72875
81.0891 -1.7543
81.099 -1.7775
81.1089 -1.79831
81.1188 -1.81669
81.1287 -1.83261
81.1386 -1.84604
81.1485 -1.85696
81.1584 -1.86535
81.1683 -1.87122
81.1782 -1.87454
81.1881 -1.87534
81.198 -1.87361
81.2079 -1.86938
81.2178 -1.86266
81.2277 -1.85347
81.2376 -1.84186
81.2475 -1.82786
81.2574 -1.81152
81.2673 -1.79288
81.2772 -1.77201
81.2871 -1.74895
81.297 -1.72378
81.3069 -1.69657
81.3168 -1.66739
81.3267 -1.63632
81.3366 -1.60345
81.3465 -1.56886
81.3564 -1.53265
81.3663 -1.49491
81.3762 -1.45575
81.3861 -1.41526
81.396 -1.37356
81.4059 -1.33075
81.4158 -1.28694
81.4257 -1.24225
81.4356 -1.19679
81.4455 -1.15068
81.4554 -1.10403
81.4653 -1.05698
81.4752 -1.00963
81.4851 -0.962106
81.495 -0.914536
81.505 -0.867036
81.5149 -0.819727
81.5248 -0.772729
81.5347 -0.726162
81.5446 -0.680142
81.5545 -0.634786
81.5644 -0.590208
81.5743 -0.546519
81.5842 -0.503831
81.5941 -0.462249
81.604 -0.421877
81.6139 -0.382817
81.6238 -0.345166
81.6337 -0.309018
81.6436 -0.274461
81.6535 -0.241583
81.6634 -0.210464
81.6733 -0.181182
81.6832 -0.153807
81.6931 -0.128408
81.703 -0.105046
81.7129 -0.0837789
81.7228 -0.0646573
81.7327 -0.0477274
81.7426 -0.0330296
81.7525 -0.0205988
81.7624 -0.0104637
81.7723 -0.00264756
81.7822 0.0028326
81.7921 0.00596554
81.802 0.00674604
81.8119 0.00517488
81.8218 0.00125882
81.8317 -0.0049894
81.8416 -0.0135511
81.8515 -0.0244017
81.8614 -0.0375108
81.8713 -0.0528421
81.8812 -0.070354
81.8911 -0.0899989
81.901 -0.111724
81.9109 -0.135471
81.9208 -0.161177
81.9307 -0.188772
81.9406 -0.218185
81.9505 -0.249337
81.9604 -0.282146
81.9703 -0.316524
81.9802 -0.352382
81.9901 -0.389624
82 -0.428152
82.0099 -0.467866
82.0198 -0.508659
82.0297 -0.550425
82.0396 -0.593053
82.0495 -0.636431
82.0594 -0.680444
82.0693 -0.724976
82.0792 -0.769909
82.0891 -0.815125
82.099 -0.860502
82.1089 -0.905921
82.1188 -0.951261
82.1287 -0.996401
82.1386 -1.04122
82.1485 -1.0856
82.1584 -1.12942
82.1683 -1.17256
82.1782 -1.21491
82.1881 -1.25634
82.198 -1.29676
82.2079 -1.33604
82.2178 -1.37409
82.2277 -1.41079
82.2376 -1.44604
82.2475 -1.47975
82.2574 -1.51181
82.2673 -1.54215
82.2772 -1.57066
82.2871 -1.59728
82.297 -1.62191
82.3069 -1.64449
82.3168 -1.66495
82.3267 -1.68322
82.3366 -1.69925
82.3465 -1.71297
82.3564 -1.72436
82.3663 -1.73335
82.3762 -1.73992
82.3861 -1.74403
82.396 -1.74566
82.4059 -1.74479
82.4158 -1.7414
82.4257 -1.7355
82.4356 -1.72707
82.4455 -1.71612
82.4554 -1.70267
82.4653 -1.68673
82.4752 -1.66832
82.4851 -1.64747
82.495 -1.62422
82.505 -1.5986
82.5149 -1.57067
82.5248 -1.54047
82.5347 -1.50806
82.5446 -1.4735
82.5545 -1.43685
82.5644 -1.3982
82.5743 -1.35762
82.5842 -1.31519
82.5941 -1.27099
82.604 -1.22511
82.6139 -1.17765
82.6238 -1.12871
82.6337 -1.07839
82.6436 -1.02679
82.6535 -0.974012
82.6634 -0.920178
82.6733 -0.865395
82.6832 -0.80978
82.6931 -0.753447
82.703 -0.696516
82.7129 -0.639106
82.7228 -0.581339
82.7327 -0.523335
82.7426 -0.465216
82.7525 -0.407105
82.7624 -0.349124
82.7723 -0.291394
82.7822 -0.234036
82.7921 -0.17717
82.802 -0.120914
82.8119 -0.0653859
82.8218 -0.0107
82.8317 0.0430307
82.8416 0.0956957
82.8515 0.147187
82.8614 0.197401
82.8713 0.246234
82.8812 0.29359
82.8911 0.339374
82.901 0.383495
82.9109 0.425867
82.9208 0.466408
82.9307 0.505041
82.9406 0.541693
82.9505 0.576297
82.9604 0.60879
82.9703 0.639114
82.9802 0.667218
82.9901 0.693056
83 0.716585
83.0099 0.737772
83.0198 0.756587
83.0297 0.773006
83.0396 0.787012
83.0495 0.798594
83.0594 0.807745
83.0693 0.814466
83.0792 0.818764
83.0891 0.820651
83.099 0.820144
83.1089 0.81727
83.1188 0.812057
83.1287 0.804542
83.1386 0.794765
83.1485 0.782774
83.1584 0.768622
83.1683 0.752367
83.1782 0.734071
83.1881 0.713802
83.198 0.691634
83.2079 0.667643
83.2178 0.641913
83.2277 0.614529
83.2376 0.585581
83.2475 0.555165
83.2574 0.523377
83.2673 0.490319
83.2772 0.456095
83.2871 0.420813
83.297 0.384581
83.3069 0.347513
83.3168 0.309722
83.3267 0.271324
83.3366 0.232436
83.3465 0.193177
83.3564 0.153666
83.3663 0.114023
83.3762 0.0743694
83.3861 0.0348241
83.396 -0.00449243
83.4059 -0.0434608
83.4158 -0.0819624
83.4257 -0.11988
83.4356 -0.157098
83.4455 -0.193502
83.4554 -0.228979
83.4653 -0.263421
83.4752 -0.29672
83.4851 -0.328772
83.495 -0.359474
83.505 -0.388731
83.5149 -0.416447
83.5248 -0.442532
83.5347 -0.466899
83.5446 -0.489466
83.5545 -0.510157
83.5644 -0.528897
83.5743 -0.545619
83.5842 -0.56026
83.5941 -0.572761
83.604 -0.58307
83.6139 -0.59114
83.6238 -0.59693
83.6337 -0.600402
83.6436 -0.601528
83.6535 -0.600283
83.6634 -0.596649
83.6733 -0.590612
83.6832 -0.582167
83.6931 -0.571312
83.703 -0.558054
83.7129 -0.542404
83.7228 -0.52438
83.7327 -0.504003
83.7426 -0.481305
83.7525 -0.45632
83.7624 -0.429088
83.7723 -0.399657
83.7822 -0.368077
83.7921 -0.334406
83.802 -0.298707
83.8119 -0.261047
83.8218 -0.221498
83.8317 -0.180138
83.8416 -0.137049
83.8515 -0.0923166
83.8614 -0.0460311
83.8713 0.00171307
83.8812 0.050818
83.8911 0.101182
83.901 0.152701
83.9109 0.205267
83.9208 0.25877
83.9307 0.313097
83.9406 0.368133
83.9505 0.423761
83.9604 0.479864
83.9703 0.53632
83.9802 0.59301
83.9901 0.649812
84 0.706605
84.0099 0.763265
84.0198 0.819672
84.0297 0.875704
84.0396 0.93124
84.0495 0.986162
84.0594 1.04035
84.0693 1.09369
84.0792 1.14606
84.0891 1.19736
84.099 1.24747
84.1089 1.29628
84.1188 1.3437
84.1287 1.38961
84.1386 1.43393
84.1485 1.47656
84.1584 1.51741
84.1683 1.55639
84.1782 1.59342
84.1881 1.62843
84.198 1.66134
84.2079 1.69209
84.2178 1.72062
84.2277 1.74686
84.2376 1.77077
84.2475 1.7923
84.2574 1.81142
84.2673 1.82808
84.2772 1.84226
84.2871 1.85394
84.297 1.86309
84.3069 1.86972
84.3168 1.87381
84.3267 1.87537
84.3366 1.8744
84.3465 1.87091
84.3564 1.86494
84.3663 1.85649
84.3762 1.84561
84.3861 1.83232
84.396 1.81668
84.4059 1.79873
84.4158 1.77852
84.4257 1.75611
84.4356 1.73157
84.4455 1.70497
84.4554 1.67637
84.4653 1.64586
84.4752 1.61352
84.4851 1.57944
84.495 1.54371
84.505 1.50642
84.5149 1.46768
84.5248 1.42758
84.5347 1.38623
84.5446 1.34374
84.5545 1.30022
84.5644 1.25578
84.5743 1.21054
84.5842 1.16461
84.5941 1.11811
84.604 1.07117
84.6139 1.0239
84.6238 0.976414
84.6337 0.928846
84.6436 0.881312
84.6535 0.833933
84.6634 0.786829
84.6733 0.74012
84.6832 0.693923
84.6931 0.648355
84.703 0.603531
84.7129 0.559563
84.7228 0.516562
84.7327 0.474636
84.7426 0.43389
84.7525 0.394425
84.7624 0.35634
84.7723 0.31973
84.7822 0.284685
84.7921 0.251293
84.802 0.219637
84.8119 0.189794
84.8218 0.161838
84.8317 0.135838
84.8416 0.111857
84.8515 0.089954
84.8614 0.0701817
84.8713 0.0525878
84.8812 0.0372146
84.8911 0.0240985
84.901 0.01327
84.9109 0.00475411
84.9208 -0.00143031
84.9307 -0.00527025
84.9406 -0.0067587
84.9505 -0.00589461
84.9604 -0.00268297
84.9703 0.0028653
84.9802 0.0107333
84.9901 0.0208982
85 0.0333313
85.0099 0.0479982
85.0198 0.0648588
85.0297 0.0838673
85.0396 0.104972
85.0495 0.128117
85.0594 0.153241
85.0693 0.180276
85.0792 0.20915
85.0891 0.239787
85.099 0.272106
85.1089 0.306021
85.1188 0.341444
85.1287 0.378279
85.1386 0.416431
85.1485 0.455799
85.1584 0.496279
85.1683 0.537764
85.1782 0.580144
85.1881 0.623308
85.198 0.667143
85.2079 0.711531
85.2178 0.756356
85.2277 0.801499
85.2376 0.84684
85.2475 0.892259
85.2574 0.937636
85.2673 0.982848
85.2772 1.02778
85.2871 1.0723
85.297 1.1163
85.3069 1.15966
85.3168 1.20226
85.3267 1.24398
85.3366 1.28471
85.3465 1.32435
85.3564 1.36278
85.3663 1.39989
85.3762 1.43559
85.3861 1.46977
85.396 1.50234
85.4059 1.53321
85.4158 1.56228
85.4257 1.58947
85.4356 1.61471
85.4455 1.63792
85.4554 1.65902
85.4653 1.67796
85.4752 1.69466
85.4851 1.70909
85.495 1.72118
85.505 1.7309
85.5149 1.7382
85.5248 1.74305
85.5347 1.74543
85.5446 1.74531
85.5545 1.74269
85.5644 1.73754
85.5743 1.72987
85.5842 1.71968
85.5941 1.70698
85.604 1.69179
85.6139 1.67412
85.6238 1.654
85.6337 1.63147
85.6436 1.60656
85.6535 1.57932
85.6634 1.54979
85.6733 1.51804
85.6832 1.48412
85.6931 1.44809
85.703 1.41004
85.7129 1.37003
85.7228 1.32814
85.7327 1.28446
85.7426 1.23908
85.7525 1.19209
85.7624 1.14359
85.7723 1.09367
85.7822 1.04244
85.7921 0.990006
85.802 0.936479
85.8119 0.88197
85.8218 0.826593
85.8317 0.770463
85.8416 0.7137
85.8515 0.656422
85.8614 0.598749
85.8713 0.540803
85.8812 0.482706
85.8911 0.42458
85.901 0.366547
85.9109 0.308729
85.9208 0.251246
85.9307 0.19422
85.9406 0.137768
85.9505 0.0820087
85.9604 0.0270573
85.9703 -0.0269725
85.9802 -0.0799695
85.9901 -0.131825
86 -0.182434
86.0099 -0.231693
86.0198 -0.279504
86.0297 -0.32577
86.0396 -0.370401
86.0495 -0.413308
86.0594 -0.454408
86.0693 -0.493623
86.0792 -0.530879
86.0891 -0.566106
86.099 -0.59924
86.1089 -0.630222
86.1188 -0.659
86.1287 -0.685523
86.1386 -0.709751
86.1485 -0.731646
86.1584 -0.751177
86.1683 -0.76832
86.1782 -0.783053
86.1881 -0.795365
86.198 -0.805247
86.2079 -0.812699
86.2178 -0.817725
86.2277 -0.820335
86.2376 -0.820547
86.2475 -0.818382
86.2574 -0.813869
86.2673 -0.807042
86.2772 -0.797941
86.2871 -0.786612
86.297 -0.773104
86.3069 -0.757475
86.3168 -0.739786
86.3267 -0.720103
86.3366 -0.698498
86.3465 -0.675048
86.3564 -0.649832
86.3663 -0.622936
86.3762 -0.594449
86.3861 -0.564465
86.396 -0.533079
86.4059 -0.500392
86.4158 -0.466508
86.4257 -0.431533
86.4356 -0.395575
86.4455 -0.358747
86.4554 -0.321161
86.4653 -0.282933
86.4752 -0.24418
86.4851 -0.20502
86.495 -0.165572
86.505 -0.125957
86.5149 -0.0862937
86.5248 -0.046703
86.5347 -0.00730508
86.5446 0.0317805
86.5545 0.070435
86.5644 0.108541
86.5743 0.145981
86.5842 0.182642
86.5941 0.21841
86.604 0.253174
86.6139 0.286828
86.6238 0.319266
86.6337 0.350385
86.6436 0.380087
86.6535 0.408276
86.6634 0.434861
86.6733 0.459753
86.6832 0.482871
86.6931 0.504134
86.703 0.523468
86.7129 0.540804
86.7228 0.556077
86.7327 0.569228
86.7426 0.580202
86.7525 0.58895
86.7624 0.59543
86.7723 0.599603
86.7822 0.601438
86.7921 0.600909
86.802 0.597994
86.8119 0.592681
86.8218 0.584961
86.8317 0.574831
86.8416 0.562295
86.8515 0.547363
86.8614 0.530051
86.8713 0.510379
86.8812 0.488376
86.8911 0.464075
86.901 0.437515
86.9109 0.40874
86.9208 0.377801
86.9307 0.344753
86.9406 0.309657
86.9505 0.272579
86.9604 0.233591
86.9703 0.192767
86.9802 0.15019
86.9901 0.105942
87 0.0601142
87.0099 0.0127988
87.0198 -0.0359073
87.0297 -0.0859035
87.0396 -0.137086
87.0495 -0.189349
87.0594 -0.242582
87.0693 -0.296673
87.0792 -0.351507
87.0891 -0.40697
87.099 -0.462942
87.1089 -0.519305
87.1188 -0.575937
87.1287 -0.632719
87.1386 -0.689527
87.1485 -0.74624
87.1584 -0.802736
87.1683 -0.858893
87.1782 -0.914591
87.1881 -0.96971
87.198 -1.02413
87.2079 -1.07774
87.2178 -1.13041
87.2277 -1.18204
87.2376 -1.23252
87.2475 -1.28174
87.2574 -1.32958
87.2673 -1.37596
87.2772 -1.42077
87.2871 -1.46392
87.297 -1.50531
87.3069 -1.54486
87.3168 -1.58249
87.3267 -1.61811
87.3366 -1.65166
87.3465 -1.68307
87.3564 -1.71227
87.3663 -1.73921
87.3762 -1.76382
87.3861 -1.78608
87.396 -1.80592
87.4059 -1.82332
87.4158 -1.83825
87.4257 -1.85069
87.4356 -1.8606
87.4455 -1.86799
87.4554 -1.87285
87.4653 -1.87516
87.4752 -1.87495
87.4851 -1.87223
87.495 -1.867
87.505 -1.85929
87.5149 -1.84914
87.5248 -1.83657
87.5347 -1.82163
87.5446 -1.80437
87.5545 -1.78483
87.5644 -1.76308
87.5743 -1.73918
87.5842 -1.71318
87.5941 -1.68518
87.604 -1.65523
87.6139 -1.62344
87.6238 -1.58987
87.6337 -1.55463
87.6436 -1.5178
87.6535 -1.47948
87.6634 -1.43978
87.6733 -1.39879
87.6832 -1.35664
87.6931 -1.31341
87.703 -1.26924
87.7129 -1.22423
87.7228 -1.17849
87.7327 -1.13216
87.7426 -1.08533
87.7525 -1.03815
87.7624 -0.990714
87.7723 -0.943159
87.7822 -0.895602
87.7921 -0.848164
87.802 -0.800965
87.8119 -0.754124
87.8218 -0.707761
87.8317 -0.661992
87.8416 -0.616932
87.8515 -0.572695
87.8614 -0.529391
87.8713 -0.487131
87.8812 -0.446019
87.8911 -0.406158
87.901 -0.367647
87.9109 -0.330584
87.9208 -0.295059
87.9307 -0.261161
87.9406 -0.228974
87.9505 -0.198577
87.9604 -0.170046
87.9703 -0.143451
87.9802 -0.118856
87.9901 -0.096322
88 -0.0759033
88.0099 -0.0576493
88.0198 -0.0416039
88.0297 -0.0278052
88.0396 -0.0162856
88.0495 -0.00707173
88.0594 -0.000184227
88.0693 0.00436208
88.0792 0.00655837
88.0891 0.00640182
88.099 0.00389558
88.1089 -0.000951202
88.1188 -0.00812341
88.1287 -0.0176
88.1386 -0.0293541
88.1485 -0.0433529
88.1584 -0.0595581
88.1683 -0.0779255
88.1782 -0.0984055
88.1881 -0.120943
88.198 -0.145478
88.2079 -0.171945
88.2178 -0.200274
88.2277 -0.230389
88.2376 -0.26221
88.2475 -0.295655
88.2574 -0.330634
88.2673 -0.367054
88.2772 -0.404821
88.2871 -0.443833
88.297 -0.48399
88.3069 -0.525183
88.3168 -0.567306
88.3267 -0.610246
88.3366 -0.653891
88.3465 -0.698125
88.3564 -0.742831
88.3663 -0.787891
88.3762 -0.833185
88.3861 -0.878594
88.396 -0.923996
88.4059 -0.96927
88.4158 -1.0143
88.4257 -1.05895
88.4356 -1.10312
88.4455 -1.14669
88.4554 -1.18953
88.4653 -1.23152
88.4752 -1.27257
88.4851 -1.31255
88.495 -1.35135
88.505 -1.38887
88.5149 -1.42501
88.5248 -1.45965
88.5347 -1.49272
88.5446 -1.52411
88.5545 -1.55373
88.5644 -1.58149
88.5743 -1.60733
88.5842 -1.63115
88.5941 -1.6529
88.604 -1.67249
88.6139 -1.68988
88.6238 -1.70499
88.6337 -1.71779
88.6436 -1.72823
88.6535 -1.73626
88.6634 -1.74185
88.6733 -1.74498
88.6832 -1.74561
88.6931 -1.74374
88.703 -1.73935
88.7129 -1.73244
88.7228 -1.72301
88.7327 -1.71107
88.7426 -1.69662
88.7525 -1.67969
88.7624 -1.66031
88.7723 -1.6385
88.7822 -1.6143
88.7921 -1.58775
88.802 -1.55891
88.8119 -1.52782
88.8218 -1.49455
88.8317 -1.45915
88.8416 -1.4217
88.8515 -1.38227
88.8614 -1.34094
88.8713 -1.29779
88.8812 -1.25291
88.8911 -1.20639
88.901 -1.15833
88.9109 -1.10883
88.9208 -1.05798
88.9307 -1.0059
88.9406 -0.952692
88.9505 -0.898466
88.9604 -0.843338
88.9703 -0.787423
88.9802 -0.730837
88.9901 -0.673701
89 -0.616135
89.0099 -0.558258
89.0198 -0.500194
89.0297 -0.442064
89.0396 -0.38399
89.0495 -0.326094
89.0594 -0.268498
89.0693 -0.211322
89.0792 -0.154684
89.0891 -0.0987046
89.099 -0.0434981
89.1089 0.0108208
89.1188 0.0641401
89.1287 0.11635
89.1386 0.167345
89.1485 0.217021
89.1584 0.265278
89.1683 0.312018
89.1782 0.35715
89.1881 0.400585
89.198 0.442237
89.2079 0.482028
89.2178 0.51988
89.2277 0.555725
89.2376 0.589495
89.2475 0.621131
89.2574 0.650577
89.2673 0.677783
89.2772 0.702706
89.2871 0.725306
89.297 0.745552
89.3069 0.763415
89.3168 0.778875
89.3267 0.791916
89.3366 0.80253
89.3465 0.810713
89.3564 0.816468
89.3663 0.819803
89.3762 0.820734
89.3861 0.819282
89.396 0.815472
89.4059 0.809337
89.4158 0.800916
89.4257 0.790252
89.4356 0.777394
89.4455 0.762397
89.4554 0.745321
89.4653 0.72623
89.4752 0.705196
89.4851 0.682293
89.495 0.657599
89.505 0.631199
89.5149 0.603182
89.5248 0.573638
89.5347 0.542663
89.5446 0.510357
89.5545 0.476822
89.5644 0.442164
89.5743 0.40649
89.5842 0.369912
89.5941 0.332542
89.604 0.294495
89.6139 0.255887
89.6238 0.216837
89.6337 0.177464
89.6436 0.137886
89.6535 0.0982245
89.6634 0.0585994
89.6733 0.0191309
89.6832 -0.0200613
89.6931 -0.0588579
89.703 -0.0971409
89.7129 -0.134794
89.7228 -0.171701
89.7327 -0.207749
89.7426 -0.242827
89.7525 -0.276826
89.7624 -0.309641
89.7723 -0.341167
89.7822 -0.371306
89.7921 -0.39996
89.802 -0.427036
89.8119 -0.452447
89.8218 -0.476107
89.8317 -0.497936
89.8416 -0.517858
89.8515 -0.535803
89.8614 -0.551703
89.8713 -0.565498
89.8812 -0.577132
89.8911 -0.586555
89.901 -0.593721
89.9109 -0.598592
89.9208 -0.601134
89.9307 -0.601318
89.9406 -0.599123
89.9505 -0.594533
89.9604 -0.587537
89.9703 -0.578132
89.9802 -0.566319
89.9901 -0.552107
90 -0.535509
90.0099 -0.516544
90.0198 -0.49524
90.0297 -0.471626
90.0396 -0.445741
90.0495 -0.417627
90.0594 -0.387333
90.0693 -0.354914
90.0792 -0.320427
90.0891 -0.283938
90.099 -0.245517
90.1089 -0.205238
90.1188 -0.163179
90.1287 -0.119425
90.1386 -0.0740627
90.1485 -0.0271848
90.1584 0.0211133
90.1683 0.0707322
90.1782 0.121569
90.1881 0.173518
90.198 0.226471
90.2079 0.280315
90.2178 0.334939
90.2277 0.390225
90.2376 0.446056
90.2475 0.502314
90.2574 0.558878
90.2673 0.615627
90.2772 0.67244
90.2871 0.729194
90.297 0.785768
90.3069 0.842041
90.3168 0.897889
90.3267 0.953195
90.3366 1.00784
90.3465 1.0617
90.3564 1.11467
90.3663 1.16663
90.3762 1.21746
90.3861 1.26707
90.396 1.31534
90.4059 1.36217
90.4158 1.40746
90.4257 1.45112
90.4356 1.49305
90.4455 1.53316
90.4554 1.57137
90.4653 1.60761
90.4752 1.64179
90.4851 1.67385
90.495 1.70372
90.505 1.73134
90.5149 1.75666
90.5248 1.77963
90.5347 1.80021
90.5446 1.81835
90.5545 1.83402
90.5644 1.84721
90.5743 1.85789
90.5842 1.86604
90.5941 1.87165
90.604 1.87473
90.6139 1.87528
90.6238 1.87331
90.6337 1.86883
90.6436 1.86187
90.6535 1.85245
90.6634 1.8406
90.6733 1.82637
90.6832 1.80981
90.6931 1.79095
90.703 1.76986
90.7129 1.74659
90.7228 1.72122
90.7327 1.69381
90.7426 1.66444
90.7525 1.63319
90.7624 1.60015
90.7723 1.5654
90.7822 1.52904
90.7921 1.49116
90.802 1.45186
90.8119 1.41125
90.8218 1.36944
90.8317 1.32652
90.8416 1.28262
90.8515 1.23785
90.8614 1.19232
90.8713 1.14615
90.8812 1.09946
90.8911 1.05237
90.901 1.005
90.9109 0.957472
90.9208 0.909903
90.9307 0.862416
90.9406 0.815133
90.9505 0.768172
90.9604 0.721652
90.9703 0.675692
90.9802 0.630407
90.9901 0.58591
91 0.542315
91.0099 0.499729
91.0198 0.458261
91.0297 0.418013
91.0396 0.379086
91.0495 0.341577
91.0594 0.30558
91.0693 0.271183
91.0792 0.238473
91.0891 0.20753
91.099 0.17843
91.1089 0.151245
91.1188 0.126042
91.1287 0.102881
91.1386 0.0818209
91.1485 0.0629108
91.1584 0.0461967
91.1683 0.0317184
91.1782 0.01951
91.1881 0.00959997
91.198 0.00201072
91.2079 -0.00324116
91.2178 -0.00614504
91.2277 -0.0066963
91.2376 -0.00489629
91.2475 -0.000752363
91.2574 0.00572216
91.2673 0.014508
91.2772 0.0255801
91.2871 0.0389074
91.297 0.0544531
91.3069 0.0721749
91.3168 0.0920249
91.3267 0.11395
91.3366 0.13789
91.3465 0.163783
91.3564 0.191559
91.3663 0.221145
91.3762 0.252462
91.3861 0.285427
91.396 0.319954
91.4059 0.355951
91.4158 0.393323
91.4257 0.431971
91.4356 0.471794
91.4455 0.512687
91.4554 0.554542
91.4653 0.597248
91.4752 0.640693
91.4851 0.684762
91.495 0.729338
91.505 0.774304
91.5149 0.81954
91.5248 0.864927
91.5347 0.910344
91.5446 0.95567
91.5545 1.00078
91.5644 1.04556
91.5743 1.08989
91.5842 1.13365
91.5941 1.17672
91.604 1.21898
91.6139 1.26033
91.6238 1.30064
91.6337 1.33981
91.6436 1.37772
91.6535 1.41429
91.6634 1.44939
91.6733 1.48294
91.6832 1.51484
91.6931 1.54501
91.703 1.57334
91.7129 1.59976
91.7228 1.6242
91.7327 1.64658
91.7426 1.66683
91.7525 1.68488
91.7624 1.70069
91.7723 1.71419
91.7822 1.72534
91.7921 1.7341
91.802 1.74043
91.8119 1.7443
91.8218 1.74568
91.8317 1.74457
91.8416 1.74094
91.8515 1.73479
91.8614 1.72611
91.8713 1.71492
91.8812 1.70123
91.8911 1.68504
91.901 1.6664
91.9109 1.64531
91.9208 1.62183
91.9307 1.59598
91.9406 1.56783
91.9505 1.53741
91.9604 1.50478
91.9703 1.47002
91.9802 1.43318
91.9901 1.39433
92 1.35357
92.0099 1.31096
92.0198 1.26659
92.0297 1.22055
92.0396 1.17295
92.0495 1.12387
92.0594 1.07341
92.0693 1.02169
92.0792 0.968812
92.0891 0.91488
92.099 0.860012
92.1089 0.804321
92.1188 0.747925
92.1287 0.690942
92.1386 0.633492
92.1485 0.575696
92.1584 0.517676
92.1683 0.459552
92.1782 0.401449
92.1881 0.343487
92.198 0.285788
92.2079 0.228472
92.2178 0.17166
92.2277 0.115471
92.2376 0.0600192
92.2475 0.00542144
92.2574 -0.0482102
92.2673 -0.100766
92.2772 -0.152137
92.2871 -0.202221
92.297 -0.250914
92.3069 -0.298121
92.3168 -0.343747
92.3267 -0.387701
92.3366 -0.429898
92.3465 -0.470257
92.3564 -0.5087
92.3663 -0.545156
92.3762 -0.579557
92.3861 -0.611841
92.396 -0.641951
92.4059 -0.669836
92.4158 -0.69545
92.4257 -0.718753
92.4356 -0.73971
92.4455 -0.758292
92.4554 -0.774477
92.4653 -0.788247
92.4752 -0.799592
92.4851 -0.808506
92.495 -0.814991
92.505 -0.819053
92.5149 -0.820706
92.5248 -0.819968
92.5347 -0.816864
92.5446 -0.811425
92.5545 -0.803688
92.5644 -0.793693
92.5743 -0.78149
92.5842 -0.76713
92.5941 -0.750673
92.604 -0.732182
92.6139 -0.711725
92.6238 -0.689375
92.6337 -0.665212
92.6436 -0.639316
92.6535 -0.611776
92.6634 -0.582681
92.6733 -0.552127
92.6832 -0.52021
92.6931 -0.487034
92.703 -0.452703
92.7129 -0.417323
92.7228 -0.381005
92.7327 -0.343861
92.7426 -0.306006
92.7525 -0.267555
92.7624 -0.228625
92.7723 -0.189337
92.7822 -0.149808
92.7921 -0.110159
92.802 -0.0705099
92.8119 -0.0309817
92.8218 0.00830618
92.8317 0.0472343
92.8416 0.0856842
92.8515 0.123539
92.8614 0.160682
92.8713 0.197001
92.8812 0.232382
92.8911 0.266717
92.901 0.299899
92.9109 0.331824
92.9208 0.36239
92.9307 0.3915
92.9406 0.419061
92.9505 0.444982
92.9604 0.469178
92.9703 0.491566
92.9802 0.51207
92.9901 0.530616
93 0.547138
93.0099 0.561572
93.0198 0.573862
93.0297 0.583955
93.0396 0.591805
93.0495 0.59737
93.0594 0.600616
93.0693 0.601512
93.0792 0.600035
93.0891 0.596166
93.099 0.589895
93.1089 0.581215
93.1188 0.570126
93.1287 0.556635
93.1386 0.540752
93.1485 0.522497
93.1584 0.501894
93.1683 0.478971
93.1782 0.453765
93.1881 0.426317
93.198 0.396674
93.2079 0.364887
93.2178 0.331016
93.2277 0.295123
93.2376 0.257276
93.2475 0.217547
93.2574 0.176015
93.2673 0.132762
93.2772 0.087874
93.2871 0.0414422
93.297 -0.00643894
93.3069 -0.0556711
93.3168 -0.106153
93.3267 -0.157778
93.3366 -0.210441
93.3465 -0.264029
93.3564 -0.31843
93.3663 -0.373529
93.3762 -0.429208
93.3861 -0.48535
93.396 -0.541835
93.4059 -0.598541
93.4158 -0.655348
93.4257 -0.712133
93.4356 -0.768774
93.4455 -0.82515
93.4554 -0.881139
93.4653 -0.93662
93.4752 -0.991475
93.4851 -1.04559
93.495 -1.09883
93.505 -1.15111
93.5149 -1.20229
93.5248 -1.25228
93.5347 -1.30096
93.5446 -1.34824
93.5545 -1.394
93.5644 -1.43816
93.5743 -1.48062
93.5842 -1.52129
93.5941 -1.56008
93.604 -1.59692
93.6139 -1.63173
93.6238 -1.66443
93.6337 -1.69497
93.6436 -1.72327
93.6535 -1.74929
93.6634 -1.77297
93.6733 -1.79427
93.6832 -1.81315
93.6931 -1.82957
93.703 -1.84351
93.7129 -1.85494
93.7228 -1.86385
93.7327 -1.87023
93.7426 -1.87407
93.7525 -1.87538
93.7624 -1.87417
93.7723 -1.87044
93.7822 -1.86422
93.7921 -1.85554
93.802 -1.84442
93.8119 -1.8309
93.8218 -1.81503
93.8317 -1.79686
93.8416 -1.77643
93.8515 -1.75381
93.8614 -1.72907
93.8713 -1.70227
93.8812 -1.67348
93.8911 -1.64279
93.901 -1.61027
93.9109 -1.57603
93.9208 -1.54014
93.9307 -1.50271
93.9406 -1.46383
93.9505 -1.4236
93.9604 -1.38214
93.9703 -1.33954
93.9802 -1.29593
93.9901 -1.25141
94 -1.20609
94.0099 -1.1601
94.0198 -1.11356
94.0297 -1.06658
94.0396 -1.01928
94.0495 -0.971781
94.0594 -0.924211
94.0693 -0.876687
94.0792 -0.82933
94.0891 -0.782259
94.099 -0.735595
94.1089 -0.689454
94.1188 -0.643954
94.1287 -0.599208
94.1386 -0.55533
94.1485 -0.512429
94.1584 -0.470613
94.1683 -0.429987
94.1782 -0.390652
94.1881 -0.352707
94.198 -0.316245
94.2079 -0.281358
94.2178 -0.248132
94.2277 -0.216649
94.2376 -0.186986
94.2475 -0.159218
94.2574 -0.133412
94.2673 -0.109631
94.2772 -0.0879332
94.2871 -0.0683711
94.297 -0.0509918
94.3069 -0.035837
94.3168 -0.0229425
94.3267 -0.0123383
94.3366 -0.00404882
94.3465 0.00190766
94.3564 0.00551872
94.3663 0.00677791
94.3762 0.0056848
94.3861 0.00224493
94.396 -0.00353017
94.4059 -0.011623
94.4158 -0.0220103
94.4257 -0.0346626
94.4356 -0.0495451
94.4455 -0.0666171
94.4554 -0.0858321
94.4653 -0.107139
94.4752 -0.130479
94.4851 -0.155792
94.495 -0.183009
94.505 -0.212058
94.5149 -0.242863
94.5248 -0.275341
94.5347 -0.309408
94.5446 -0.344972
94.5545 -0.38194
94.5644 -0.420215
94.5743 -0.459696
94.5842 -0.500278
94.5941 -0.541855
94.604 -0.584317
94.6139 -0.627551
94.6238 -0.671445
94.6337 -0.715881
94.6436 -0.760742
94.6535 -0.805909
94.6634 -0.851264
94.6733 -0.896684
94.6832 -0.94205
94.6931 -0.98724
94.703 -1.03213
94.7129 -1.07661
94.7228 -1.12055
94.7327 -1.16384
94.7426 -1.20636
94.7525 -1.24799
94.7624 -1.28863
94.7723 -1.32815
94.7822 -1.36645
94.7921 -1.40343
94.802 -1.43899
94.8119 -1.47302
94.8218 -1.50543
94.8317 -1.53612
94.8416 -1.56501
94.8515 -1.59202
94.8614 -1.61706
94.8713 -1.64007
94.8812 -1.66096
94.8911 -1.67968
94.901 -1.69617
94.9109 -1.71037
94.9208 -1.72223
94.9307 -1.73172
94.9406 -1.73878
94.9505 -1.74339
94.9604 -1.74553
94.9703 -1.74517
94.9802 -1.74229
94.9901 -1.7369
95 -1.72899
95.0099 -1.71855
95.0198 -1.70561
95.0297 -1.69017
95.0396 -1.67226
95.0495 -1.65191
95.0594 -1.62914
95.0693 -1.604
95.0792 -1.57654
95.0891 -1.54679
95.099 -1.51483
95.1089 -1.4807
95.1188 -1.44447
95.1287 -1.40623
95.1386 -1.36603
95.1485 -1.32396
95.1584 -1.28012
95.1683 -1.23457
95.1782 -1.18743
95.1881 -1.13878
95.198 -1.08873
95.2079 -1.03738
95.2178 -0.984837
95.2277 -0.93121
95.2376 -0.876611
95.2475 -0.821156
95.2574 -0.764959
95.2673 -0.70814
95.2772 -0.650818
95.2871 -0.593114
95.297 -0.535148
95.3069 -0.477043
95.3168 -0.41892
95.3267 -0.360903
95.3366 -0.303112
95.3465 -0.245668
95.3564 -0.188693
95.3663 -0.132303
95.3762 -0.0766176
95.3861 -0.0217511
95.396 0.0321829
95.4059 0.0850735
95.4158 0.136812
95.4257 0.187294
95.4356 0.236416
95.4455 0.284081
95.4554 0.330192
95.4653 0.374658
95.4752 0.417393
95.4851 0.458313
95.495 0.49734
95.505 0.534401
95.5149 0.569427
95.5248 0.602354
95.5347 0.633124
95.5446 0.661683
95.5545 0.687985
95.5644 0.711988
95.5743 0.733654
95.5842 0.752953
95.5941 0.769861
95.604 0.784359
95.6139 0.796434
95.6238 0.80608
95.6337 0.813295
95.6436 0.818085
95.6535 0.820461
95.6634 0.82044
95.6733 0.818045
95.6832 0.813305
95.6931 0.806255
95.703 0.796935
95.7129 0.785391
95.7228 0.771674
95.7327 0.755841
95.7426 0.737955
95.7525 0.718082
95.7624 0.696294
95.7723 0.672667
95.7822 0.647284
95.7921 0.620229
95.802 0.591592
95.8119 0.561467
95.8218 0.52995
95.8317 0.497142
95.8416 0.463147
95.8515 0.428071
95.8614 0.392023
95.8713 0.355116
95.8812 0.317463
95.8911 0.279179
95.901 0.240381
95.9109 0.201188
95.9208 0.161718
95.9307 0.122093
95.9406 0.0824314
95.9505 0.0428542
95.9604 0.00348147
95.9703 -0.0355673
95.9802 -0.0741735
95.9901 -0.112219
96 -0.149589
96.0099 -0.186167
96.0198 -0.221842
96.0297 -0.256504
96.0396 -0.290044
96.0495 -0.322357
96.0594 -0.353343
96.0693 -0.382901
96.0792 -0.410938
96.0891 -0.437362
96.099 -0.462085
96.1089 -0.485025
96.1188 -0.506103
96.1287 -0.525246
96.1386 -0.542384
96.1485 -0.557453
96.1584 -0.570394
96.1683 -0.581153
96.1782 -0.589682
96.1881 -0.595938
96.198 -0.599885
96.2079 -0.601491
96.2178 -0.60073
96.2277 -0.597582
96.2376 -0.592035
96.2475 -0.58408
96.2574 -0.573715
96.2673 -0.560946
96.2772 -0.545781
96.2871 -0.528238
96.297 -0.508338
96.3069 -0.486109
96.3168 -0.461586
96.3267 -0.434808
96.3366 -0.40582
96.3465 -0.374673
96.3564 -0.341422
96.3663 -0.30613
96.3762 -0.268863
96.3861 -0.229693
96.396 -0.188695
96.4059 -0.145951
96.4158 -0.101545
96.4257 -0.0555684
96.4356 -0.00811312
96.4455 0.0407231
96.4554 0.0908396
96.4653 0.142132
96.4752 0.194494
96.4851 0.247816
96.495 0.301984
96.505 0.356885
96.5149 0.412403
96.5248 0.468418
96.5347 0.524812
96.5446 0.581465
96.5545 0.638254
96.5644 0.695058
96.5743 0.751755
96.5842 0.808224
96.5941 0.864342
96.604 0.919989
96.6139 0.975044
96.6238 1.02939
96.6337 1.08291
96.6436 1.13549
96.6535 1.18701
96.6634 1.23737
96.6733 1.28646
96.6832 1.33417
96.6931 1.3804
96.703 1.42505
96.7129 1.46803
96.7228 1.50924
96.7327 1.54861
96.7426 1.58605
96.7525 1.62147
96.7624 1.65482
96.7723 1.68601
96.7822 1.715
96.7921 1.74171
96.802 1.7661
96.8119 1.78812
96.8218 1.80773
96.8317 1.82489
96.8416 1.83958
96.8515 1.85176
96.8614 1.86143
96.8713 1.86858
96.8812 1.87318
96.8911 1.87526
96.901 1.8748
96.9109 1.87183
96.9208 1.86635
96.9307 1.85841
96.9406 1.84802
96.9505 1.83522
96.9604 1.82005
96.9703 1.80257
96.9802 1.78281
96.9901 1.76085
97 1.73673
97.0099 1.71054
97.0198 1.68234
97.0297 1.65222
97.0396 1.62024
97.0495 1.58651
97.0594 1.55111
97.0693 1.51413
97.0792 1.47567
97.0891 1.43584
97.099 1.39474
97.1089 1.35247
97.1188 1.30915
97.1287 1.26489
97.1386 1.2198
97.1485 1.174
97.1584 1.12761
97.1683 1.08075
97.1782 1.03353
97.1881 0.986084
97.198 0.938524
97.2079 0.890973
97.2178 0.843553
97.2277 0.796384
97.2376 0.749584
97.2475 0.703274
97.2574 0.657569
97.2673 0.612584
97.2772 0.568433
97.2871 0.525227
97.297 0.483073
97.3069 0.442079
97.3168 0.402345
97.3267 0.363971
97.3366 0.327053
97.3465 0.291683
97.3564 0.257948
97.3663 0.225933
97.3762 0.195715
97.3861 0.167369
97.396 0.140966
97.4059 0.116569
97.4158 0.0942388
97.4257 0.0740289
97.4356 0.0559883
97.4455 0.0401603
97.4554 0.0265823
97.4653 0.0152862
97.4752 0.00629814
97.4851 -0.000361824
97.495 -0.00467947
97.505 -0.00664656
97.5149 -0.00626085
97.5248 -0.00352608
97.5347 0.00154801
97.5446 0.00894575
97.5545 0.0186455
97.5644 0.0306198
97.5743 0.0448354
97.5842 0.0612532
97.5941 0.0798287
97.604 0.100512
97.6139 0.123247
97.6238 0.147973
97.6337 0.174624
97.6436 0.20313
97.6535 0.233415
97.6634 0.265399
97.6733 0.298997
97.6832 0.33412
97.6931 0.370676
97.703 0.408568
97.7129 0.447697
97.7228 0.487959
97.7327 0.529248
97.7426 0.571455
97.7525 0.614469
97.7624 0.658177
97.7723 0.702462
97.7822 0.747207
97.7921 0.792295
97.802 0.837606
97.8119 0.883019
97.8218 0.928414
97.8317 0.97367
97.8416 1.01867
97.8515 1.06328
97.8614 1.1074
97.8713 1.15089
97.8812 1.19366
97.8911 1.23557
97.901 1.27651
97.9109 1.31638
97.9208 1.35506
97.9307 1.39245
97.9406 1.42845
97.9505 1.46295
97.9604 1.49585
97.9703 1.52707
97.9802 1.55651
97.9901 1.5841
98 1.60974
98.0099 1.63337
98.0198 1.6549
98.0297 1.67428
98.0396 1.69145
98.0495 1.70634
98.0594 1.71891
98.0693 1.72912
98.0792 1.73691
98.0891 1.74226
98.099 1.74515
98.1089 1.74554
98.1188 1.74342
98.1287 1.73879
98.1386 1.73163
98.1485 1.72196
98.1584 1.70977
98.1683 1.69508
98.1782 1.67791
98.1881 1.65829
98.198 1.63624
98.2079 1.61182
98.2178 1.58504
98.2277 1.55598
98.2376 1.52467
98.2475 1.49119
98.2574 1.45559
98.2673 1.41794
98.2772 1.37832
98.2871 1.33681
98.297 1.29349
98.3069 1.24845
98.3168 1.20178
98.3267 1.15357
98.3366 1.10393
98.3465 1.05296
98.3564 1.00076
98.3663 0.947452
98.3762 0.893133
98.3861 0.837923
98.396 0.781937
98.4059 0.725293
98.4158 0.66811
98.4257 0.610508
98.4356 0.552608
98.4455 0.494531
98.4554 0.436401
98.4653 0.37834
98.4752 0.320468
98.4851 0.262907
98.495 0.205778
98.505 0.1492
98.5149 0.0932902
98.5248 0.0381652
98.5347 -0.0160612
98.5446 -0.0692772
98.5545 -0.121374
98.5644 -0.172245
98.5743 -0.221787
98.5842 -0.2699
98.5941 -0.316488
98.604 -0.361458
98.6139 -0.404723
98.6238 -0.446197
98.6337 -0.485802
98.6436 -0.523462
98.6535 -0.559107
98.6634 -0.592672
98.6733 -0.624096
98.6832 -0.653326
98.6931 -0.680312
98.703 -0.70501
98.7129 -0.727383
98.7228 -0.747397
98.7327 -0.765027
98.7426 -0.780252
98.7525 -0.793057
98.7624 -0.803434
98.7723 -0.81138
98.7822 -0.816899
98.7921 -0.819999
98.802 -0.820697
98.8119 -0.819014
98.8218 -0.814976
98.8317 -0.808617
98.8416 -0.799975
98.8515 -0.789095
98.8614 -0.776026
98.8713 -0.760823
98.8812 -0.743548
98.8911 -0.724265
98.901 -0.703046
98.9109 -0.679964
98.9208 -0.655101
98.9307 -0.628539
98.9406 -0.600369
98.9505 -0.570681
98.9604 -0.539572
98.9703 -0.507142
98.9802 -0.473493
98.9901 -0.438731
99 -0.402964
99.0099 -0.366304
99.0198 -0.328863
99.0297 -0.290756
99.0396 -0.2521
99.0495 -0.213014
99.0594 -0.173615
99.0693 -0.134024
99.0792 -0.0943605
99.0891 -0.0547453
99.099 -0.0152985
99.1089 0.0238604
99.1188 0.0626121
99.1287 0.100839
99.1386 0.138424
99.1485 0.175252
99.1584 0.211211
99.1683 0.246189
99.1782 0.280077
99.1881 0.312771
99.198 0.344166
99.2079 0.374164
99.2178 0.402668
99.2277 0.429587
99.2376 0.454831
99.2475 0.478316
99.2574 0.499962
99.2673 0.519695
99.2772 0.537443
99.2871 0.55314
99.297 0.566727
99.3069 0.578148
99.3168 0.587353
99.3267 0.594297
99.3366 0.598943
99.3465 0.601256
99.3564 0.601209
99.3663 0.598781
99.3762 0.593957
99.3861 0.586727
99.396 0.577087
99.4059 0.56504
99.4158 0.550594
99.4257 0.533765
99.4356 0.514571
99.4455 0.49304
99.4554 0.469203
99.4653 0.443099
99.4752 0.414771
99.4851 0.384267
99.495 0.351644
99.505 0.316959
99.5149 0.280279
99.5248 0.241673
99.5347 0.201217
99.5446 0.158989
99.5545 0.115075
99.5644 0.0695607
99.5743 0.0225402
99.5842 -0.025891
99.5941 -0.0756331
99.604 -0.126583
99.6139 -0.178635
99.6238 -0.231679
99.6337 -0.285605
99.6436 -0.340298
99.6535 -0.395642
99.6634 -0.45152
99.6733 -0.507813
99.6832 -0.5644
99.6931 -0.621161
99.703 -0.677974
99.7129 -0.734716
99.7228 -0.791266
99.7327 -0.847502
99.7426 -0.903303
99.7525 -0.95855
99.7624 -1.01312
99.7723 -1.0669
99.7822 -1.11978
99.7921 -1.17163
99.802 -1.22235
99.8119 -1.27183
99.8218 -1.31997
99.8317 -1.36665
99.8416 -1.41179
99.8515 -1.45528
99.8614 -1.49703
99.8713 -1.53697
99.8812 -1.57499
99.8911 -1.61103
99.901 -1.64501
99.9109 -1.67686
99.9208 -1.70651
99.9307 -1.73391
99.9406 -1.75901
99.9505 -1.78174
99.9604 -1.80208
99.9703 -1.81998
99.9802 -1.83542
99.9901 -1.84836
